timestamp,open,high,low,close,volume
2024-01-02T00:00:00,850.969,850.969,839.801,839.801,275595747.0
2024-01-03T00:00:00,838.302,841.765,827.849,829.772,257018226.0
2024-01-04T00:00:00,831.23,831.23,818.141,823.848,262662520.0
2024-01-05T00:00:00,820.397,825.375,805.109,807.729,276040375.0
2024-01-08T00:00:00,802.895,802.895,784.17,784.433,295239608.0
2024-01-09T00:00:00,786.48,792.684,777.677,782.926,297549041.0
2024-01-10T00:00:00,779.08,789.592,773.229,777.153,281445810.0
2024-01-11T00:00:00,775.372,792.774,775.372,789.864,283362427.0
2024-01-12T00:00:00,788.025,789.555,778.358,778.358,299829400.0
2024-01-15T00:00:00,774.957,782.852,772.86,773.405,260440086.0
2024-01-16T00:00:00,771.841,777.403,765.971,777.403,306515034.0
2024-01-17T00:00:00,775.864,775.864,757.045,757.045,249674807.0
2024-01-18T00:00:00,752.286,768.586,742.931,768.282,410735921.0
2024-01-19T00:00:00,767.239,771.027,762.521,765.47,316208954.0
2024-01-22T00:00:00,763.601,763.601,740.892,742.227,358637823.0
2024-01-23T00:00:00,738.383,753.826,738.383,749.743,359488249.0
2024-01-24T00:00:00,753.01,753.01,728.499,750.275,359405675.0
2024-01-25T00:00:00,749.133,766.742,746.701,765.791,450804912.0
2024-01-26T00:00:00,759.938,760.32,746.096,746.096,347279173.0
2024-01-29T00:00:00,748.264,748.264,725.308,725.308,450582709.0
2024-01-30T00:00:00,720.193,721.178,697.845,697.845,343237741.0
2024-01-31T00:00:00,693.847,699.06,681.598,684.852,401058280.0
2024-02-01T00:00:00,680.718,702.234,679.624,690.005,353458757.0
2024-02-02T00:00:00,693.02,693.02,661.705,673.407,421634629.0
2024-02-05T00:00:00,675.396,686.024,641.34,676.793,545344075.0
2024-02-06T00:00:00,675.453,721.295,673.972,720.8,519876110.0
2024-02-07T00:00:00,723.312,743.799,723.312,743.423,616634535.0
2024-02-08T00:00:00,749.639,767.517,745.832,751.504,554963682.0
2024-02-19T00:00:00,762.644,763.316,750.455,763.316,492867690.0
2024-02-20T00:00:00,756.084,757.359,749.069,754.702,334294127.0
2024-02-21T00:00:00,747.25,768.351,747.227,755.155,404566780.0
2024-02-22T00:00:00,757.262,767.418,757.26,762.382,356074332.0
2024-02-23T00:00:00,768.509,768.509,755.807,764.482,370273008.0
2024-02-26T00:00:00,764.033,775.89,762.383,768.488,459637345.0
2024-02-27T00:00:00,763.665,796.907,763.035,796.907,480664264.0
2024-02-28T00:00:00,797.825,810.082,771.592,771.592,602971687.0
2024-02-29T00:00:00,769.557,807.707,769.557,807.707,592730507.0
2024-03-01T00:00:00,809.401,817.019,805.449,815.487,525423115.0
2024-03-04T00:00:00,819.958,821.703,808.141,818.513,476915423.0
2024-03-05T00:00:00,812.621,823.25,812.621,817.772,471673908.0
2024-03-06T00:00:00,816.145,819.613,806.251,811.899,444813163.0
2024-03-07T00:00:00,814.168,815.225,794.239,794.239,500957504.0
2024-03-08T00:00:00,795.322,804.727,792.605,803.2,481370502.0
2024-03-11T00:00:00,800.899,818.439,800.899,818.439,507397588.0
2024-03-12T00:00:00,818.516,826.339,814.684,817.75,478020550.0
2024-03-13T00:00:00,821.323,823.9,814.006,814.932,404983911.0
2024-03-14T00:00:00,811.514,813.651,799.3,804.856,373920910.0
2024-03-15T00:00:00,802.911,808.918,794.878,808.674,367216774.0
2024-03-18T00:00:00,810.387,825.681,810.387,825.4,427764869.0
2024-03-19T00:00:00,822.182,823.992,811.774,811.774,373021611.0
2024-03-20T00:00:00,810.689,814.904,806.693,814.027,317828599.0
2024-03-21T00:00:00,820.143,823.28,805.949,806.138,378251587.0
2024-03-22T00:00:00,804.023,805.198,793.824,794.201,393878064.0
2024-03-25T00:00:00,792.846,797.023,781.646,781.646,350784710.0
2024-03-26T00:00:00,781.727,786.834,770.027,772.089,332015981.0
2024-03-27T00:00:00,771.545,771.545,752.821,752.821,338564839.0
2024-03-28T00:00:00,753.896,769.989,753.896,763.275,334929522.0
2024-03-29T00:00:00,761.651,763.203,751.456,762.742,277378701.0
2024-04-01T00:00:00,765.633,776.329,765.633,775.526,336025180.0
2024-04-02T00:00:00,774.727,774.727,764.627,768.787,294104333.0
2024-04-03T00:00:00,768.214,768.214,756.47,756.764,325992467.0
2024-04-08T00:00:00,753.835,753.835,740.665,740.665,338441180.0
2024-04-09T00:00:00,739.392,749.626,737.126,749.626,284971886.0
2024-04-10T00:00:00,749.225,749.225,732.596,735.734,271684842.0
2024-04-11T00:00:00,735.67,745.989,735.67,738.674,348804118.0
2024-04-12T00:00:00,742.929,746.603,738.43,738.43,377182435.0
2024-04-15T00:00:00,739.198,754.46,738.548,750.899,412498049.0
2024-04-16T00:00:00,746.881,746.881,733.147,733.147,343406335.0
2024-04-17T00:00:00,737.658,750.966,737.658,750.888,363333117.0
2024-04-18T00:00:00,747.132,756.644,741.695,745.695,338215519.0
2024-04-19T00:00:00,741.285,741.285,729.819,730.562,338340711.0
2024-04-22T00:00:00,723.408,734.881,722.579,731.811,316577882.0
2024-04-23T00:00:00,732.868,732.868,725.516,727.853,281268745.0
2024-04-24T00:00:00,731.711,738.635,730.073,738.635,305997194.0
2024-04-25T00:00:00,735.563,739.059,731.693,733.344,293131054.0
2024-04-26T00:00:00,733.016,752.444,733.016,752.25,473126801.0
2024-04-29T00:00:00,752.924,779.343,752.924,776.154,615028995.0
2024-04-30T00:00:00,773.844,773.844,765.877,767.464,439612911.0
2024-05-06T00:00:00,778.988,784.008,774.36,777.663,448559684.0
2024-05-07T00:00:00,776.824,778.276,768.624,769.792,356765880.0
2024-05-08T00:00:00,769.688,769.688,761.581,761.658,310783341.0
2024-05-09T00:00:00,762.401,779.254,762.401,778.873,473420000.0
2024-05-10T00:00:00,778.152,778.152,764.737,767.172,363484971.0
2024-05-13T00:00:00,760.098,767.351,760.098,763.69,350313005.0
2024-05-14T00:00:00,766.645,767.808,759.651,760.305,265576651.0
2024-05-15T00:00:00,758.8,759.513,749.474,749.474,263428038.0
2024-05-16T00:00:00,753.452,753.743,745.186,746.472,288570133.0
2024-05-17T00:00:00,743.795,754.461,743.084,754.418,368112976.0
2024-05-20T00:00:00,752.202,759.957,750.559,753.542,399579788.0
2024-05-21T00:00:00,752.288,754.246,747.68,748.235,266632843.0
2024-05-22T00:00:00,749.909,755.401,744.09,754.973,529042026.0
2024-05-23T00:00:00,754.403,754.403,741.569,742.396,385086687.0
2024-05-24T00:00:00,741.677,744.883,727.021,727.207,382592764.0
2024-05-27T00:00:00,726.366,739.168,720.473,738.653,406238273.0
2024-05-28T00:00:00,736.7,745.939,734.849,734.849,360148314.0
2024-05-29T00:00:00,734.288,740.237,731.712,734.333,415551455.0
2024-05-30T00:00:00,733.547,745.129,733.547,742.704,410331189.0
2024-05-31T00:00:00,743.177,750.647,741.641,743.228,397393872.0
2024-06-03T00:00:00,743.608,753.33,743.453,750.427,625587297.0
2024-06-04T00:00:00,748.302,754.532,747.741,753.638,415315093.0
2024-06-05T00:00:00,752.049,761.038,751.827,752.045,400623451.0
2024-06-06T00:00:00,756.788,758.843,743.229,743.229,476992033.0
2024-06-07T00:00:00,744.385,747.973,732.715,737.926,389314242.0
2024-06-11T00:00:00,735.838,756.386,735.838,755.835,512807489.0
2024-06-12T00:00:00,758.382,760.626,754.105,754.933,482919539.0
2024-06-13T00:00:00,758.606,765.013,756.061,758.982,571928362.0
2024-06-14T00:00:00,756.411,756.411,750.899,754.261,917422537.0
2024-06-17T00:00:00,749.943,759.716,749.943,757.106,643134846.0
2024-06-18T00:00:00,757.852,763.008,753.629,756.904,499578285.0
2024-06-19T00:00:00,758.41,758.41,747.958,751.688,488736063.0
2024-06-20T00:00:00,752.153,765.931,752.153,755.151,613119884.0
2024-06-21T00:00:00,749.733,758.374,747.076,758.374,448496740.0
2024-06-24T00:00:00,754.413,759.801,738.487,739.142,603254344.0
2024-06-25T00:00:00,738.324,738.324,714.292,717.749,539176136.0
2024-06-26T00:00:00,719.84,730.155,713.472,729.644,474964559.0
2024-06-27T00:00:00,725.52,725.52,715.357,715.357,360983011.0
2024-06-28T00:00:00,713.363,723.202,710.755,712.077,436386570.0
2024-07-01T00:00:00,711.655,713.374,699.881,709.603,361606095.0
2024-07-02T00:00:00,709.155,709.155,698.703,699.123,333730508.0
2024-07-03T00:00:00,698.958,706.588,693.917,701.785,365157494.0
2024-07-04T00:00:00,702.089,702.666,690.247,690.376,321460085.0
2024-07-05T00:00:00,688.529,699.811,684.306,698.849,330948143.0
2024-07-08T00:00:00,700.024,701.511,691.305,692.488,406966969.0
2024-07-09T00:00:00,689.787,711.071,689.787,709.888,516251730.0
2024-07-10T00:00:00,707.194,714.851,707.194,710.369,381961272.0
2024-07-11T00:00:00,722.043,724.361,713.3,718.04,462914072.0
2024-07-12T00:00:00,713.312,720.28,711.205,718.37,376064941.0
2024-07-15T00:00:00,716.475,718.61,713.115,715.864,355811573.0
2024-07-16T00:00:00,712.758,732.279,712.758,732.064,450173820.0
2024-07-17T00:00:00,733.073,733.881,729.002,729.002,448698856.0
2024-07-18T00:00:00,721.765,737.07,719.174,735.41,524333046.0
2024-07-19T00:00:00,731.409,750.656,731.409,749.471,579844364.0
2024-07-22T00:00:00,749.316,754.927,748.101,752.001,480597561.0
2024-07-23T00:00:00,750.129,750.129,721.097,721.108,428081633.0
2024-07-24T00:00:00,720.47,724.386,712.503,713.321,373510287.0
2024-07-25T00:00:00,708.936,721.594,708.936,713.883,382218573.0
2024-07-26T00:00:00,713.893,722.802,711.081,719.87,323530900.0
2024-07-29T00:00:00,719.554,720.108,707.597,707.597,342202855.0
2024-07-30T00:00:00,706.857,710.785,701.016,710.015,324773241.0
2024-07-31T00:00:00,707.66,743.653,707.66,743.374,498492235.0
2024-08-01T00:00:00,745.964,746.088,735.792,738.871,427619129.0
2024-08-02T00:00:00,730.652,740.093,725.66,725.66,368161876.0
2024-08-05T00:00:00,719.156,727.919,704.296,704.296,455944896.0
2024-08-06T00:00:00,714.489,714.489,705.141,713.864,380670597.0
2024-08-07T00:00:00,712.736,714.125,707.336,707.588,272349975.0
2024-08-08T00:00:00,703.055,714.931,700.317,708.923,315469287.0
2024-08-09T00:00:00,717.138,717.138,705.546,705.546,292571529.0
2024-08-12T00:00:00,704.375,709.11,704.249,707.331,268666617.0
2024-08-13T00:00:00,707.695,710.797,703.038,710.747,262761072.0
2024-08-14T00:00:00,711.664,711.664,700.93,700.93,244018595.0
2024-08-15T00:00:00,699.094,713.123,699.094,707.551,343648840.0
2024-08-16T00:00:00,707.387,710.138,704.297,705.224,270107800.0
2024-08-19T00:00:00,705.039,711.756,703.233,703.322,273288747.0
2024-08-20T00:00:00,704.116,704.116,692.077,693.523,251764630.0
2024-08-21T00:00:00,691.134,697.64,691.134,691.636,227915781.0
2024-08-22T00:00:00,692.189,694.834,684.394,685.531,281461016.0
2024-08-23T00:00:00,683.587,687.398,676.72,685.759,250224373.0
2024-08-26T00:00:00,684.773,687.284,679.891,682.499,264956970.0
2024-08-27T00:00:00,679.753,679.753,673.063,674.347,274112198.0
2024-08-28T00:00:00,672.967,673.622,669.707,671.22,242983203.0
2024-08-29T00:00:00,667.882,683.042,667.497,679.595,296257423.0
2024-08-30T00:00:00,678.613,699.19,678.613,694.164,466204547.0
2024-09-02T00:00:00,693.675,693.675,670.011,670.011,408179847.0
2024-09-03T00:00:00,670.065,679.503,670.065,674.955,306555868.0
2024-09-04T00:00:00,668.931,677.586,668.931,672.284,241035793.0
2024-09-05T00:00:00,672.995,678.662,670.302,671.265,242829293.0
2024-09-06T00:00:00,672.621,673.703,662.337,662.337,246938906.0
2024-09-09T00:00:00,659.502,663.66,652.965,654.939,249732704.0
2024-09-10T00:00:00,656.036,661.085,649.506,660.014,249426507.0
2024-09-11T00:00:00,657.386,665.555,657.386,664.332,292335092.0
2024-09-12T00:00:00,666.218,670.13,658.854,658.854,300827653.0
2024-09-13T00:00:00,658.983,661.903,650.796,655.046,346360491.0
2024-09-18T00:00:00,654.511,654.511,642.336,647.409,299156433.0
2024-09-19T00:00:00,649.726,656.405,644.793,651.466,347059592.0
2024-09-20T00:00:00,651.821,653.843,643.096,648.36,286888778.0
2024-09-23T00:00:00,649.003,652.254,643.042,643.042,275770620.0
2024-09-24T00:00:00,648.13,667.218,640.742,667.049,511201020.0
2024-09-25T00:00:00,673.181,684.092,667.104,667.338,522622288.0
2024-09-26T00:00:00,667.548,693.309,664.476,693.149,536397129.0
2024-09-27T00:00:00,704.522,741.855,704.522,740.016,500850183.0
2024-09-30T00:00:00,782.307,872.365,782.307,872.365,1637527856.0
2024-10-08T00:00:00,1045.047,1045.047,981.612,1023.967,2291390563.0
2024-10-09T00:00:00,993.781,1083.629,971.908,997.852,2367512512.0
2024-10-10T00:00:00,1014.357,1014.357,954.172,954.172,1541633947.0
2024-10-11T00:00:00,939.571,939.571,896.33,898.899,1057682433.0
2024-10-14T00:00:00,904.144,926.307,875.696,925.955,1076626678.0
2024-10-15T00:00:00,920.986,937.736,898.827,898.827,931997092.0
2024-10-16T00:00:00,874.275,891.507,873.796,875.689,733104696.0
2024-10-17T00:00:00,897.2,900.965,879.096,879.096,746998568.0
2024-10-18T00:00:00,879.952,1008.314,879.627,978.661,1526347034.0
2024-10-21T00:00:00,999.535,1051.262,979.165,1000.375,1848234444.0
2024-10-22T00:00:00,988.701,993.387,973.358,985.834,1299285299.0
2024-10-23T00:00:00,976.249,1000.453,974.962,979.151,1261816218.0
2024-10-24T00:00:00,968.993,987.02,968.993,977.601,868664719.0
2024-10-25T00:00:00,981.406,1003.037,976.741,991.216,1157389543.0
2024-10-28T00:00:00,988.434,988.735,978.237,986.56,907848156.0
2024-10-29T00:00:00,988.5,1005.062,975.372,975.372,1039213435.0
2024-10-30T00:00:00,967.841,972.701,950.65,958.822,962893541.0
2024-10-31T00:00:00,960.682,977.865,948.412,969.448,1080036035.0
2024-11-01T00:00:00,960.211,965.435,939.765,939.765,867759933.0
2024-11-04T00:00:00,938.191,954.667,938.191,954.667,622598493.0
2024-11-05T00:00:00,954.141,997.675,954.141,996.169,1167570210.0
2024-11-06T00:00:00,1002.063,1014.545,992.791,998.095,1265136478.0
2024-11-07T00:00:00,986.502,1029.169,986.502,1028.439,1284113836.0
2024-11-08T00:00:00,1053.452,1063.752,1025.637,1025.637,1697143980.0
2024-11-11T00:00:00,1033.547,1074.369,1033.547,1073.835,1814167034.0
2024-11-12T00:00:00,1070.644,1080.119,1044.382,1050.537,1514569984.0
2024-11-13T00:00:00,1042.195,1062.323,1041.548,1061.366,1091457243.0
2024-11-14T00:00:00,1056.21,1060.932,1027.111,1027.316,951590028.0
2024-11-15T00:00:00,1024.599,1027.121,986.876,986.876,968850259.0
2024-11-18T00:00:00,989.403,996.919,963.468,968.713,865925760.0
2024-11-19T00:00:00,973.997,999.295,961.582,998.015,758963630.0
2024-11-20T00:00:00,992.673,1007.064,988.323,1002.539,681479498.0
2024-11-21T00:00:00,1002.975,1018.552,1002.975,1011.463,730221561.0
2024-11-22T00:00:00,1011.644,1016.384,969.353,969.353,797046574.0
2024-11-25T00:00:00,970.817,970.817,941.409,957.921,682298864.0
2024-11-26T00:00:00,955.579,967.011,951.046,951.593,516596889.0
2024-11-27T00:00:00,947.945,987.756,941.948,985.975,732682282.0
2024-11-28T00:00:00,985.787,1000.285,982.997,983.684,702852183.0
2024-11-29T00:00:00,980.427,1018.322,980.118,1007.391,880084499.0
2024-12-02T00:00:00,1008.71,1020.793,1007.327,1015.787,882093802.0
2024-12-03T00:00:00,1017.067,1017.067,998.27,1005.265,772046020.0
2024-12-04T00:00:00,1020.082,1020.922,996.319,999.358,885706863.0
2024-12-05T00:00:00,993.168,1005.039,993.168,1001.844,590800606.0
2024-12-06T00:00:00,1004.77,1022.479,996.259,1014.446,809886055.0
2024-12-09T00:00:00,1012.875,1015.069,997.584,1003.382,674342315.0
2024-12-10T00:00:00,1051.528,1051.528,1009.567,1010.911,897720009.0
2024-12-11T00:00:00,1007.547,1015.768,1004.238,1007.188,829932454.0
2024-12-12T00:00:00,1008.136,1011.35,999.919,1010.895,795871997.0
2024-12-13T00:00:00,1003.994,1008.058,989.776,989.776,1493424530.0
2024-12-16T00:00:00,990.575,990.575,971.989,975.268,834927456.0
2024-12-17T00:00:00,974.045,978.059,966.121,967.276,540282605.0
2024-12-18T00:00:00,970.463,982.981,966.645,981.513,557128791.0
2024-12-19T00:00:00,969.381,995.938,969.381,993.002,659808529.0
2024-12-20T00:00:00,990.058,1020.798,990.058,1011.209,947624295.0
2024-12-23T00:00:00,1011.193,1023.571,998.529,998.607,878762426.0
2024-12-24T00:00:00,1002.505,1015.883,992.84,1014.017,676624072.0
2024-12-25T00:00:00,1018.57,1024.43,1009.951,1017.357,696305801.0
2024-12-26T00:00:00,1014.07,1030.172,1014.07,1027.023,725416393.0
2024-12-27T00:00:00,1026.707,1040.785,1018.579,1018.579,845229294.0
2024-12-30T00:00:00,1014.781,1028.726,1013.532,1020.633,687428291.0
2024-12-31T00:00:00,1020.522,1020.522,988.935,988.935,729141242.0
2025-01-02T00:00:00,986.822,986.822,946.654,955.333,746345556.0
2025-01-03T00:00:00,955.722,962.24,941.48,941.819,602927367.0
2025-01-06T00:00:00,943.756,945.069,933.232,938.707,494765389.0
2025-01-07T00:00:00,938.599,966.063,938.599,965.53,560780232.0
2025-01-08T00:00:00,956.711,973.311,938.859,965.119,617672416.0
2025-01-09T00:00:00,962.235,971.431,961.439,961.439,545885378.0
2025-01-10T00:00:00,962.222,977.261,950.592,950.592,653186020.0
2025-01-13T00:00:00,938.382,952.954,938.382,952.186,518265363.0
2025-01-14T00:00:00,958.494,983.141,948.824,981.779,717669791.0
2025-01-15T00:00:00,976.13,987.74,975.121,977.661,657254631.0
2025-01-16T00:00:00,982.086,989.284,955.239,956.397,747426043.0
2025-01-17T00:00:00,949.843,976.42,948.6,965.903,664767047.0
2025-01-20T00:00:00,969.841,976.028,965.184,968.271,565571926.0
2025-01-21T00:00:00,973.909,979.215,965.89,976.296,641570762.0
2025-01-22T00:00:00,972.212,976.762,967.845,975.34,547772168.0
2025-01-23T00:00:00,987.265,992.953,966.106,966.106,662841822.0
2025-01-24T00:00:00,966.092,978.951,966.092,974.834,545581953.0
2025-01-27T00:00:00,972.189,972.216,955.09,955.09,534105584.0
2025-02-05T00:00:00,989.119,989.119,978.411,982.829,787830014.0
2025-02-06T00:00:00,977.019,1011.86,977.019,1011.22,901897926.0
2025-02-07T00:00:00,1011.056,1035.086,1007.546,1018.799,1043693929.0
2025-02-10T00:00:00,1023.02,1037.487,1022.524,1036.765,821804821.0
2025-02-11T00:00:00,1034.955,1035.553,1020.605,1024.412,722229778.0
2025-02-12T00:00:00,1026.872,1041.229,1023.334,1041.137,817007254.0
2025-02-13T00:00:00,1040.425,1040.425,1017.088,1017.088,706633808.0
2025-02-14T00:00:00,1012.612,1022.932,1011.899,1022.464,730172173.0
2025-02-17T00:00:00,1030.859,1037.74,1029.231,1037.307,796916174.0
2025-02-18T00:00:00,1034.63,1034.63,1007.256,1011.168,783746491.0
2025-02-19T00:00:00,1010.669,1035.063,1010.669,1034.571,960904689.0
2025-02-20T00:00:00,1034.787,1040.587,1026.809,1033.085,831691895.0
2025-02-21T00:00:00,1042.401,1098.193,1040.222,1094.774,1263189168.0
2025-02-24T00:00:00,1093.03,1107.717,1093.03,1100.054,1007704669.0
2025-02-25T00:00:00,1083.94,1115.513,1083.94,1102.901,992674442.0
2025-02-26T00:00:00,1108.584,1128.726,1096.941,1126.82,1177727772.0
2025-02-27T00:00:00,1127.247,1135.73,1102.731,1126.287,1059824213.0
2025-02-28T00:00:00,1118.521,1118.521,1077.134,1078.798,1100278172.0
2025-03-03T00:00:00,1079.644,1085.724,1058.073,1062.351,896283915.0
2025-03-04T00:00:00,1052.468,1086.344,1052.468,1080.665,810914621.0
2025-03-05T00:00:00,1081.097,1088.633,1072.594,1083.817,715338429.0
2025-03-06T00:00:00,1100.442,1124.227,1100.442,1121.585,956305494.0
2025-03-07T00:00:00,1113.838,1120.408,1104.934,1107.623,807235865.0
2025-03-10T00:00:00,1107.31,1109.91,1088.652,1105.164,740080048.0
2025-03-11T00:00:00,1086.383,1100.742,1086.383,1100.742,688111474.0
2025-03-12T00:00:00,1107.957,1110.648,1092.708,1092.708,658625820.0
2025-03-13T00:00:00,1093.594,1093.594,1065.807,1069.703,723402721.0
2025-03-14T00:00:00,1070.796,1088.433,1070.285,1088.113,730353908.0
2025-03-17T00:00:00,1089.998,1089.998,1080.939,1083.213,640170601.0
2025-03-18T00:00:00,1087.345,1101.571,1087.345,1089.825,647930605.0
2025-03-19T00:00:00,1084.902,1087.377,1075.9,1076.937,541079408.0
2025-03-20T00:00:00,1075.132,1075.394,1064.793,1064.793,509089878.0
2025-03-21T00:00:00,1063.331,1063.366,1038.314,1042.893,621512087.0
2025-03-24T00:00:00,1042.33,1047.374,1030.392,1045.942,595845576.0
2025-03-25T00:00:00,1045.849,1049.215,1028.955,1031.697,503432923.0
2025-03-26T00:00:00,1029.807,1038.47,1029.055,1029.055,422890173.0
2025-03-27T00:00:00,1028.695,1049.799,1026.91,1040.57,531008510.0
2025-03-28T00:00:00,1037.756,1042.926,1029.476,1029.476,425316968.0
2025-03-31T00:00:00,1024.264,1027.709,1012.946,1022.714,510965440.0
2025-04-01T00:00:00,1027.961,1034.933,1023.739,1024.376,508244261.0
2025-04-02T00:00:00,1021.821,1028.025,1020.724,1022.748,354801680.0
2025-04-03T00:00:00,1011.605,1030.559,1011.605,1018.072,463622367.0
2025-04-07T00:00:00,960.489,983.153,877.69,924.173,1168939792.0
2025-04-08T00:00:00,932.237,950.779,923.767,940.091,894676893.0
2025-04-09T00:00:00,922.862,992.05,917.548,980.569,925387597.0
2025-04-10T00:00:00,1003.683,1006.162,985.806,991.224,698586429.0
2025-04-11T00:00:00,990.831,1027.491,987.52,1011.709,756411666.0
2025-04-14T00:00:00,1018.258,1025.368,1006.268,1014.283,553808671.0
2025-04-15T00:00:00,1011.671,1011.793,995.796,1006.34,410208546.0
2025-04-16T00:00:00,1016.755,1016.755,996.381,1014.509,461582074.0
2025-04-17T00:00:00,1007.63,1023.948,1006.358,1016.812,374853289.0
2025-04-18T00:00:00,1011.511,1012.934,1003.425,1008.597,300095971.0
2025-04-21T00:00:00,1012.813,1021.376,1008.561,1019.411,339410900.0
2025-04-22T00:00:00,1018.42,1023.497,1012.595,1016.218,427546700.0
2025-04-23T00:00:00,1019.016,1022.656,1010.087,1012.648,405506800.0
2025-04-24T00:00:00,1012.335,1012.395,1000.465,1003.316,360620600.0
2025-04-25T00:00:00,1003.871,1011.589,997.978,1004.572,388692700.0
2025-04-28T00:00:00,1004.048,1008.589,997.905,1002.832,357234800.0
2025-04-29T00:00:00,996.967,1005.706,994.218,1003.867,400422200.0
2025-04-30T00:00:00,1000.651,1014.374,1000.651,1012.417,552138700.0
2025-05-06T00:00:00,1016.437,1027.022,1013.58,1026.521,539684100.0
2025-05-07T00:00:00,1044.173,1044.573,1021.791,1030.186,555616300.0
2025-05-08T00:00:00,1024.966,1030.085,1022.493,1026.439,439933800.0
2025-05-09T00:00:00,1020.787,1020.787,1006.319,1006.319,455958800.0
2025-05-12T00:00:00,1008.961,1016.727,1004.488,1011.231,512787100.0
2025-05-13T00:00:00,1020.343,1021.531,1009.634,1009.682,585073400.0
2025-05-14T00:00:00,1014.095,1021.393,1006.512,1013.772,486794500.0
2025-05-15T00:00:00,1011.574,1011.69,999.257,1000.969,380856400.0
2025-05-16T00:00:00,997.448,999.415,991.418,995.237,363515700.0
2025-05-19T00:00:00,994.281,998.623,985.984,995.255,431333100.0
2025-05-20T00:00:00,995.752,1002.0,993.691,997.677,365994300.0
2025-05-21T00:00:00,996.656,999.964,993.736,995.487,398585200.0
2025-05-22T00:00:00,994.079,1000.384,989.055,990.711,348305900.0
2025-05-23T00:00:00,989.711,997.018,980.578,980.578,396657000.0
2025-05-26T00:00:00,982.065,985.472,978.142,982.261,332997100.0
2025-05-27T00:00:00,982.019,983.429,972.673,972.92,346266500.0
2025-05-28T00:00:00,973.904,975.856,969.677,970.64,299887600.0
2025-05-29T00:00:00,972.257,986.447,970.692,986.302,358830400.0
2025-05-30T00:00:00,981.346,981.346,974.114,977.027,349103400.0
2025-06-03T00:00:00,977.23,987.621,976.105,981.71,588520000.0
2025-06-04T00:00:00,982.364,988.164,981.615,986.111,388337900.0
2025-06-05T00:00:00,987.529,997.932,982.854,996.407,416000400.0
2025-06-06T00:00:00,995.315,995.704,989.155,991.642,369298600.0
2025-06-09T00:00:00,991.308,1002.401,989.527,997.612,428859600.0
2025-06-10T00:00:00,1004.554,1004.777,978.787,982.904,579086400.0
2025-06-11T00:00:00,982.598,990.137,980.293,980.933,431685600.0
2025-06-12T00:00:00,978.686,982.125,974.629,977.973,468891400.0
2025-06-13T00:00:00,971.695,978.42,966.872,972.941,909895100.0
2025-06-16T00:00:00,968.186,975.541,968.186,970.891,490835300.0
2025-06-17T00:00:00,971.535,972.199,960.64,963.083,444514100.0
2025-06-18T00:00:00,962.245,971.796,960.02,968.179,418841400.0
2025-06-19T00:00:00,966.917,974.483,960.54,962.943,405625300.0
2025-06-20T00:00:00,963.783,967.981,956.871,957.872,437414200.0
2025-06-23T00:00:00,952.325,966.192,952.325,961.489,466469000.0
2025-06-24T00:00:00,963.79,980.52,963.79,978.714,495520200.0
2025-06-25T00:00:00,979.971,996.661,976.16,995.61,576087900.0
2025-06-26T00:00:00,995.575,1005.895,989.972,989.972,525005600.0
2025-06-27T00:00:00,996.684,998.576,987.831,988.211,497366800.0
2025-06-30T00:00:00,992.297,1004.471,992.297,1003.414,573673900.0
2025-07-01T00:00:00,1002.085,1002.085,992.549,994.795,488084900.0
2025-07-02T00:00:00,992.383,992.473,981.22,982.636,595127400.0
2025-07-03T00:00:00,984.338,987.094,980.814,984.949,461081000.0
2025-07-04T00:00:00,984.528,997.406,976.829,984.802,530478700.0
2025-07-07T00:00:00,983.198,987.106,976.905,978.293,379110700.0
2025-07-08T00:00:00,978.905,993.186,977.6,991.948,615751700.0
2025-07-09T00:00:00,991.342,993.611,981.501,983.111,470230800.0
2025-07-10T00:00:00,981.735,986.309,978.893,979.989,543718100.0
2025-07-11T00:00:00,980.375,1000.035,979.176,994.448,600255700.0
2025-07-14T00:00:00,995.288,998.969,992.389,992.389,457645500.0
2025-07-15T00:00:00,990.731,998.084,986.499,996.246,516786900.0
2025-07-16T00:00:00,996.332,1008.467,994.38,997.63,426207800.0
2025-07-17T00:00:00,997.712,1005.665,992.556,1005.648,535346500.0
2025-07-18T00:00:00,1008.133,1013.121,1003.089,1007.525,497635100.0
2025-07-21T00:00:00,1007.585,1010.345,1005.031,1007.894,580870500.0
2025-07-22T00:00:00,1007.513,1019.03,1005.838,1016.265,697700700.0
2025-07-23T00:00:00,1016.581,1030.545,1014.845,1020.855,705393200.0
2025-07-24T00:00:00,1019.72,1032.838,1019.309,1032.838,721447800.0
2025-07-25T00:00:00,1032.448,1059.734,1028.789,1054.196,743388800.0
2025-07-28T00:00:00,1054.906,1059.05,1048.548,1055.109,631929800.0
2025-07-29T00:00:00,1053.118,1071.437,1051.553,1070.448,691330600.0
2025-07-30T00:00:00,1065.939,1073.816,1051.108,1058.572,683250800.0
2025-07-31T00:00:00,1057.32,1070.759,1045.451,1047.87,836001800.0
2025-08-01T00:00:00,1047.375,1056.418,1029.53,1036.775,626311300.0
2025-08-04T00:00:00,1034.127,1049.459,1033.854,1049.406,592839200.0
2025-08-05T00:00:00,1048.714,1054.107,1046.528,1053.646,548712600.0
2025-08-06T00:00:00,1051.872,1060.402,1049.598,1059.761,607042900.0
2025-08-07T00:00:00,1059.845,1069.044,1053.731,1058.205,618381800.0
2025-08-08T00:00:00,1052.461,1052.736,1042.839,1043.537,679274200.0
2025-08-11T00:00:00,1043.227,1053.695,1043.077,1049.73,634311100.0
2025-08-12T00:00:00,1048.207,1077.876,1044.326,1069.809,774462600.0
2025-08-13T00:00:00,1069.522,1079.139,1067.501,1077.698,749692800.0
2025-08-14T00:00:00,1079.224,1109.854,1079.224,1085.736,963996000.0
2025-08-15T00:00:00,1079.161,1104.5,1076.997,1101.293,952712800.0
2025-08-18T00:00:00,1114.32,1138.421,1105.584,1124.822,1260547700.0
2025-08-19T00:00:00,1122.639,1133.629,1111.66,1112.266,842576900.0
2025-08-20T00:00:00,1109.701,1148.736,1105.274,1148.147,1000487200.0
2025-08-21T00:00:00,1150.98,1173.278,1143.162,1149.151,981130200.0
2025-08-22T00:00:00,1162.291,1248.067,1162.291,1247.862,1624784100.0
2025-08-25T00:00:00,1282.054,1320.715,1252.844,1287.734,1883804500.0
2025-08-26T00:00:00,1266.586,1284.073,1257.444,1270.871,1137635600.0
2025-08-27T00:00:00,1285.444,1332.816,1272.555,1272.556,1611894800.0
2025-08-28T00:00:00,1280.237,1365.918,1275.499,1364.605,1900940100.0
2025-08-29T00:00:00,1335.647,1346.761,1314.742,1341.311,1561683000.0
2025-09-01T00:00:00,1348.533,1366.921,1322.801,1357.148,1543817900.0
2025-09-02T00:00:00,1353.944,1364.195,1314.116,1328.279,1339363800.0
2025-09-03T00:00:00,1318.506,1325.75,1296.709,1306.479,1093792300.0
2025-09-04T00:00:00,1301.976,1304.052,1210.867,1226.985,1529605300.0
2025-09-05T00:00:00,1232.214,1275.1,1220.783,1268.552,1365915700.0
2025-09-08T00:00:00,1266.475,1280.819,1253.73,1275.868,1295355100.0
2025-09-09T00:00:00,1250.962,1271.964,1239.938,1245.528,1120618700.0
2025-09-10T00:00:00,1253.504,1272.915,1246.263,1259.096,989643700.0
2025-09-11T00:00:00,1254.19,1332.759,1244.139,1326.033,1354350400.0
2025-09-12T00:00:00,1324.844,1360.066,1323.447,1338.018,1369601100.0
2025-09-15T00:00:00,1362.851,1366.46,1332.426,1340.397,1424889500.0
2025-09-16T00:00:00,1347.196,1370.286,1347.196,1358.047,1158610900.0
2025-09-17T00:00:00,1351.637,1378.873,1338.953,1370.43,1256012000.0
2025-09-18T00:00:00,1385.503,1433.574,1351.137,1380.351,1742902500.0
2025-09-19T00:00:00,1388.859,1400.694,1359.286,1362.649,1213906200.0
2025-09-22T00:00:00,1361.255,1422.741,1353.715,1408.645,1265197300.0
2025-09-23T00:00:00,1406.607,1419.284,1364.441,1407.302,1518367400.0
2025-09-24T00:00:00,1395.374,1479.704,1394.685,1456.469,1978034100.0
2025-09-25T00:00:00,1449.655,1486.43,1448.686,1474.487,1654722000.0
2025-09-26T00:00:00,1461.953,1485.876,1448.961,1450.824,1725102900.0
2025-09-29T00:00:00,1448.545,1470.414,1424.841,1470.414,1541410700.0
2025-09-30T00:00:00,1488.293,1505.907,1478.423,1495.288,1473150600.0
2025-10-09T00:00:00,1526.918,1588.833,1522.786,1539.081,2214971600.0
2025-10-10T00:00:00,1511.164,1512.339,1444.985,1452.675,1797651300.0
2025-10-13T00:00:00,1409.684,1476.13,1409.684,1473.017,1677396600.0
2025-10-14T00:00:00,1488.048,1489.168,1399.967,1410.3,1846890800.0
2025-10-15T00:00:00,1409.527,1430.28,1390.989,1429.997,1288930800.0
2025-10-16T00:00:00,1419.553,1444.231,1409.7,1416.575,1089813700.0
2025-10-17T00:00:00,1411.74,1415.658,1360.449,1363.168,1167923100.0
2025-10-20T00:00:00,1390.71,1397.733,1358.686,1367.899,936950300.0
2025-10-21T00:00:00,1374.983,1410.071,1368.006,1406.318,951331300.0
2025-10-22T00:00:00,1392.588,1424.232,1380.976,1405.407,816675700.0
2025-10-23T00:00:00,1396.091,1403.94,1375.746,1401.256,777447300.0
2025-10-24T00:00:00,1421.209,1466.85,1416.462,1462.222,1081786200.0
2025-10-27T00:00:00,1489.663,1491.107,1457.649,1484.206,1320700300.0
2025-10-28T00:00:00,1470.484,1496.064,1463.463,1471.731,1085480600.0
2025-10-29T00:00:00,1466.439,1495.381,1465.311,1489.123,1266585900.0
2025-10-30T00:00:00,1485.937,1494.402,1461.3,1461.3,1358141800.0
2025-10-31T00:00:00,1451.057,1452.239,1415.525,1415.525,1407525200.0
2025-11-03T00:00:00,1403.456,1406.009,1372.254,1400.859,1343344200.0
2025-11-04T00:00:00,1406.864,1415.734,1378.642,1387.239,1078230200.0
2025-11-05T00:00:00,1355.722,1398.368,1355.722,1390.395,1180566100.0
2025-11-06T00:00:00,1405.154,1442.812,1403.073,1436.858,1370438500.0
2025-11-07T00:00:00,1420.229,1434.387,1414.468,1415.686,1319918500.0
2025-11-10T00:00:00,1422.322,1431.766,1389.774,1407.558,1344762300.0
2025-11-11T00:00:00,1416.858,1423.679,1385.067,1387.534,1175212700.0
2025-11-12T00:00:00,1377.147,1388.508,1362.378,1379.452,1272404100.0
2025-11-13T00:00:00,1376.369,1404.629,1373.493,1399.292,1211163000.0
2025-11-14T00:00:00,1379.437,1390.62,1361.232,1361.232,1152590000.0
2025-11-17T00:00:00,1363.478,1377.547,1344.908,1354.038,1130595500.0
2025-11-18T00:00:00,1350.507,1374.032,1348.1,1357.926,1153598500.0
2025-11-19T00:00:00,1355.131,1363.855,1338.451,1344.796,900613000.0
2025-11-20T00:00:00,1362.852,1364.482,1327.294,1328.186,774703900.0
2025-11-21T00:00:00,1300.479,1311.324,1282.454,1285.83,1007064900.0
2025-11-24T00:00:00,1295.88,1306.044,1273.492,1296.602,881365300.0
2025-11-25T00:00:00,1309.674,1323.205,1298.854,1302.167,827302300.0
2025-11-26T00:00:00,1296.455,1327.536,1293.185,1315.041,781582700.0
2025-11-27T00:00:00,1325.849,1351.436,1308.847,1310.701,803048900.0
2025-11-28T00:00:00,1307.962,1329.327,1303.199,1327.149,882469200.0
2025-12-01T00:00:00,1329.422,1341.95,1310.424,1336.756,1119198600.0
2025-12-02T00:00:00,1334.002,1335.746,1315.464,1320.156,762146400.0
2025-12-03T00:00:00,1317.582,1324.706,1303.338,1308.367,702705800.0
2025-12-04T00:00:00,1303.993,1326.226,1294.758,1326.165,677877100.0
2025-12-05T00:00:00,1319.723,1330.586,1303.716,1326.101,709168600.0
2025-12-08T00:00:00,1325.97,1360.711,1325.738,1350.795,831105000.0
2025-12-09T00:00:00,1338.845,1358.899,1337.318,1347.105,705705700.0
2025-12-10T00:00:00,1337.524,1350.653,1317.711,1346.703,827364000.0
2025-12-11T00:00:00,1349.669,1350.867,1325.831,1325.831,812499600.0
2025-12-12T00:00:00,1324.3,1351.558,1314.011,1348.881,1218971100.0
2025-12-15T00:00:00,1333.361,1343.781,1318.53,1318.906,847012000.0
2025-12-16T00:00:00,1313.526,1317.154,1286.252,1293.382,733072600.0
2025-12-17T00:00:00,1294.697,1327.761,1289.235,1325.335,773892100.0
2025-12-18T00:00:00,1314.665,1323.676,1305.966,1305.966,627046500.0
2025-12-19T00:00:00,1314.75,1323.86,1306.796,1308.589,643658500.0
2025-12-22T00:00:00,1314.066,1338.145,1314.066,1335.245,801867000.0
2025-12-23T00:00:00,1333.539,1348.538,1331.385,1340.015,762758600.0
2025-12-24T00:00:00,1342.128,1352.743,1332.916,1352.126,733909000.0
2025-12-25T00:00:00,1347.784,1356.604,1339.966,1349.058,726230500.0
2025-12-26T00:00:00,1346.109,1356.108,1339.141,1345.827,852160100.0
2025-12-29T00:00:00,1345.98,1364.272,1341.942,1346.319,1039029700.0
2025-12-30T00:00:00,1346.132,1367.007,1346.029,1359.873,794150500.0
2025-12-31T00:00:00,1367.166,1368.48,1342.683,1344.2,730691500.0
2026-01-05T00:00:00,1360.897,1403.535,1360.897,1403.414,1034546600.0
2026-01-06T00:00:00,1401.789,1442.104,1400.405,1429.302,1182033200.0
2026-01-07T00:00:00,1442.507,1452.045,1427.98,1443.388,1233854800.0
2026-01-08T00:00:00,1441.186,1483.231,1441.186,1455.173,1348228800.0
2026-01-09T00:00:00,1442.224,1477.239,1437.577,1475.968,1330640500.0
2026-01-12T00:00:00,1490.499,1515.107,1478.847,1511.836,1567591900.0
2026-01-13T00:00:00,1508.183,1511.653,1460.409,1469.57,1523474700.0
2026-01-14T00:00:00,1479.295,1532.578,1479.295,1500.911,1777974500.0
2026-01-15T00:00:00,1491.232,1504.844,1468.024,1493.945,1408817300.0
2026-01-16T00:00:00,1509.7,1528.783,1495.679,1514.068,1676577600.0
2026-01-19T00:00:00,1513.59,1525.122,1502.725,1506.857,1287625700.0
2026-01-20T00:00:00,1508.367,1525.809,1473.194,1482.994,1403065800.0
2026-01-21T00:00:00,1482.658,1546.049,1482.658,1535.393,1444741400.0
2026-01-22T00:00:00,1563.38,1574.966,1530.245,1541.638,1521219400.0
2026-01-23T00:00:00,1530.285,1553.707,1523.501,1553.707,2124468700.0
2026-01-26T00:00:00,1556.568,1575.452,1529.316,1532.796,2123161200.0
2026-01-27T00:00:00,1530.07,1562.579,1507.406,1555.978,1978728100.0
2026-01-28T00:00:00,1566.188,1569.435,1535.905,1554.804,1554361000.0
2026-01-29T00:00:00,1550.989,1560.645,1507.299,1507.64,1640834400.0
2026-01-30T00:00:00,1501.512,1522.329,1465.324,1509.402,1486558300.0
2026-02-02T00:00:00,1492.811,1508.543,1450.098,1450.898,1315396700.0
2026-02-03T00:00:00,1475.568,1478.051,1430.004,1471.069,1389145900.0
2026-02-04T00:00:00,1452.976,1455.124,1432.597,1453.476,1563905000.0
2026-02-05T00:00:00,1423.662,1441.163,1416.265,1432.522,1519927800.0
2026-02-06T00:00:00,1415.047,1440.808,1405.874,1422.406,1303509900.0
2026-02-09T00:00:00,1453.54,1458.927,1441.897,1458.163,1574783900.0
2026-02-10T00:00:00,1463.348,1485.966,1463.348,1471.498,1177039100.0
2026-02-11T00:00:00,1461.999,1467.281,1453.006,1455.114,897850900.0
2026-02-12T00:00:00,1463.609,1481.979,1454.628,1480.995,1001520900.0
2026-02-13T00:00:00,1470.259,1492.086,1466.707,1470.333,989661600.0
2026-02-24T00:00:00,1493.453,1493.774,1453.55,1465.365,1029596900.0
2026-02-25T00:00:00,1468.511,1481.291,1454.413,1473.285,1107588300.0
2026-02-26T00:00:00,1478.726,1494.749,1456.033,1485.865,1115413400.0
2026-02-27T00:00:00,1468.078,1493.524,1463.731,1488.023,999977200.0
2026-03-02T00:00:00,1459.776,1486.549,1459.51,1464.772,1342734800.0
2026-03-03T00:00:00,1467.764,1469.603,1385.593,1388.41,1430240300.0
2026-03-04T00:00:00,1380.13,1407.003,1376.111,1381.558,1070558500.0
2026-03-05T00:00:00,1418.883,1423.612,1397.755,1405.353,1100698600.0
2026-03-06T00:00:00,1396.594,1422.001,1396.594,1414.394,969054900.0
2026-03-09T00:00:00,1373.817,1398.245,1351.883,1390.483,1184009400.0
2026-03-10T00:00:00,1417.259,1424.719,1402.631,1420.539,1215340300.0
2026-03-11T00:00:00,1421.352,1427.095,1400.447,1401.084,1297367900.0
2026-03-12T00:00:00,1397.779,1412.525,1372.975,1383.652,1175919300.0
2026-03-13T00:00:00,1374.65,1392.434,1365.622,1373.636,1200226300.0
2026-03-16T00:00:00,1370.703,1386.554,1349.272,1384.987,1095376200.0
2026-03-17T00:00:00,1386.26,1390.844,1354.153,1354.153,918465500.0
2026-03-18T00:00:00,1363.54,1373.857,1348.23,1372.576,979986600.0
2026-03-19T00:00:00,1348.553,1354.721,1333.68,1339.034,1105292300.0
2026-03-20T00:00:00,1344.93,1347.367,1317.405,1318.307,1409109800.0
2026-03-23T00:00:00,1292.892,1305.793,1254.848,1261.438,1424810100.0
2026-03-24T00:00:00,1281.579,1291.918,1249.011,1290.791,1171663000.0
2026-03-25T00:00:00,1299.631,1326.649,1299.626,1315.412,1100570500.0
2026-03-26T00:00:00,1313.965,1316.455,1285.384,1288.807,863177000.0
2026-03-27T00:00:00,1265.531,1308.945,1265.531,1300.756,860307000.0
2026-03-30T00:00:00,1278.993,1294.543,1269.319,1289.78,935720400.0
2026-03-31T00:00:00,1283.899,1296.034,1256.327,1256.327,958319000.0
2026-04-01T00:00:00,1290.638,1302.871,1282.313,1298.198,982646100.0
2026-04-02T00:00:00,1294.63,1294.63,1254.625,1262.182,758811400.0
2026-04-03T00:00:00,1270.936,1272.837,1254.759,1256.21,670642100.0
2026-04-07T00:00:00,1261.711,1286.53,1261.711,1274.015,632234900.0
2026-04-08T00:00:00,1317.276,1352.689,1316.634,1352.689,1142256800.0
2026-04-09T00:00:00,1335.287,1362.907,1333.012,1343.946,784651000.0
2026-04-10T00:00:00,1363.577,1382.937,1362.397,1364.495,847165900.0
2026-04-13T00:00:00,1358.463,1396.003,1358.463,1375.287,901889400.0
2026-04-14T00:00:00,1398.4,1409.848,1387.418,1405.072,930265900.0
2026-04-15T00:00:00,1415.392,1433.354,1399.754,1406.322,954766300.0
2026-04-16T00:00:00,1406.319,1424.173,1402.196,1422.228,1000577100.0
2026-04-17T00:00:00,1414.873,1433.795,1413.576,1423.351,963505300.0
2026-04-20T00:00:00,1426.893,1451.39,1426.034,1450.521,1127584600.0
2026-04-21T00:00:00,1445.204,1445.539,1415.599,1426.677,965157000.0
2026-04-22T00:00:00,1420.776,1451.461,1420.244,1451.139,980596100.0
2026-04-23T00:00:00,1466.124,1467.699,1419.009,1432.592,1144654000.0
2026-04-24T00:00:00,1443.037,1472.957,1417.206,1453.685,1141340600.0
2026-04-27T00:00:00,1478.314,1515.282,1466.664,1508.385,1356053800.0
2026-04-28T00:00:00,1497.322,1525.342,1479.673,1488.661,1192550800.0
2026-04-29T00:00:00,1474.117,1495.009,1451.712,1493.505,1145722100.0
2026-04-30T00:00:00,1511.388,1580.515,1511.388,1571.065,1510961200.0
2026-05-06T00:00:00,1634.313,1715.081,1631.651,1656.946,1830104800.0
2026-05-07T00:00:00,1663.159,1682.222,1646.944,1678.887,1393006300.0
2026-05-08T00:00:00,1653.311,1655.572,1625.608,1640.46,1500507400.0
2026-05-11T00:00:00,1687.643,1727.305,1669.733,1716.691,1829405800.0
2026-05-12T00:00:00,1708.211,1747.172,1687.963,1723.784,1692708900.0
2026-05-13T00:00:00,1684.368,1771.492,1677.544,1770.147,1777324700.0
2026-05-14T00:00:00,1792.342,1800.606,1723.699,1725.093,2107102300.0
2026-05-15T00:00:00,1724.355,1769.804,1669.987,1696.261,2160121400.0
2026-05-18T00:00:00,1690.382,1748.104,1684.901,1709.963,1591395600.0
2026-05-19T00:00:00,1697.402,1776.256,1670.358,1775.135,1710436800.0
2026-05-20T00:00:00,1764.213,1835.221,1764.213,1832.022,1845254200.0
2026-05-21T00:00:00,1866.287,1892.595,1759.939,1764.174,2127403800.0
2026-05-22T00:00:00,1790.744,1797.649,1747.139,1790.771,1760391900.0
2026-05-25T00:00:00,1791.67,1899.967,1774.194,1896.037,2149793700.0
2026-05-26T00:00:00,1877.388,1880.648,1824.322,1867.709,1940888500.0
2026-05-27T00:00:00,1875.422,1901.966,1809.705,1815.451,2160969900.0
2026-05-28T00:00:00,1805.113,1854.52,1796.035,1844.249,2154008000.0
2026-05-29T00:00:00,1850.273,1855.256,1727.621,1751.323,2343137400.0
2026-06-01T00:00:00,1751.232,1753.02,1662.821,1663.694,1694183400.0
2026-06-02T00:00:00,1676.309,1710.98,1641.167,1690.558,1557622000.0
2026-06-03T00:00:00,1697.659,1776.202,1697.36,1726.181,1682555400.0
2026-06-04T00:00:00,1700.312,1759.984,1697.221,1738.059,1496770100.0
2026-06-05T00:00:00,1706.531,1735.078,1659.479,1668.329,1683570900.0
2026-06-08T00:00:00,1587.969,1634.033,1578.179,1596.566,1570749900.0
2026-06-09T00:00:00,1630.232,1666.481,1607.578,1663.109,1409895800.0
2026-06-10T00:00:00,1662.846,1722.334,1632.327,1652.224,1591172500.0
2026-06-11T00:00:00,1644.603,1676.531,1631.936,1662.436,1422069400.0
2026-06-12T00:00:00,1726.005,1730.893,1656.845,1663.221,2101856700.0
2026-06-15T00:00:00,1687.67,1748.512,1658.324,1748.326,1614093800.0
2026-06-16T00:00:00,1751.705,1766.138,1729.037,1758.424,1501821800.0
2026-06-17T00:00:00,1729.228,1841.365,1725.901,1840.821,1801831300.0
2026-06-18T00:00:00,1837.07,1937.301,1836.038,1911.513,1771099900.0
2026-06-22T00:00:00,1922.474,1963.327,1879.59,1948.928,1919133400.0
2026-06-23T00:00:00,1929.266,1982.906,1890.163,1916.212,1813729500.0
2026-06-24T00:00:00,1896.341,1997.905,1886.741,1989.426,1853252800.0
2026-06-25T00:00:00,2004.775,2076.882,2000.801,2066.331,1851003200.0
2026-06-26T00:00:00,2034.433,2076.465,1976.923,2032.284,1969517000.0
2026-06-29T00:00:00,2039.667,2127.801,2013.512,2126.011,2066148400.0
2026-06-30T00:00:00,2132.882,2214.613,2113.95,2207.865,1961786100.0
2026-07-01T00:00:00,2205.656,2255.248,2120.363,2153.043,2258095400.0
2026-07-02T00:00:00,2059.898,2105.291,1978.32,1987.291,2091336300.0
2026-07-03T00:00:00,1978.755,2039.306,1948.172,1975.6,1758380800.0
2026-07-06T00:00:00,2015.181,2022.91,1913.822,1996.103,1651199700.0
2026-07-07T00:00:00,1965.795,2039.598,1950.979,2001.586,1397325000.0
2026-07-08T00:00:00,2022.451,2078.642,1961.638,2016.233,1572058800.0
2026-07-09T00:00:00,2047.238,2188.982,2023.544,2185.825,1858060500.0
2026-07-10T00:00:00,2190.178,2233.538,2064.976,2064.976,2307342900.0
2026-07-13T00:00:00,2038.362,2110.179,1974.055,1994.319,1833793700.0
2026-07-14T00:00:00,1994.44,2026.471,1895.555,2009.73,1601395000.0
2026-07-15T00:00:00,2021.578,2028.652,1908.178,1924.274,1428193300.0
2026-07-16T00:00:00,1869.936,1947.247,1828.573,1846.877,1422678200.0
2026-07-17T00:00:00,1829.981,1844.379,1698.323,1715.404,1662902400.0
2026-07-20T00:00:00,1764.593,1776.073,1646.387,1718.69,1798479300.0
2026-07-21T00:00:00,1747.49,1904.858,1663.85,1903.161,1951274500.0
2026-07-22T00:00:00,1874.779,1934.605,1836.107,1860.085,1623861100.0
2026-07-23T00:00:00,1876.613,1876.986,1770.532,1789.694,1192426900.0
2026-07-24T00:00:00,1766.259,1831.276,1748.797,1787.196,1017752600.0
2026-07-27T00:00:00,1780.72,1816.43,1724.466,1807.951,1034729700.0
2026-07-28T00:00:00,1755.867,1797.584,1675.988,1693.479,1088394400.0
2026-07-29T00:00:00,1704.585,1711.579,1608.141,1678.738,1421853500.0
2026-07-30T00:00:00,1653.467,1671.509,1561.996,1588.415,1469567500.0
2026-07-31T00:00:00,1721.355,1731.206,1635.685,1635.962,1450741000.0
2026-08-03T00:00:00,1619.294,1621.993,1549.739,1552.89,1233498600.0
2026-08-04T00:00:00,1569.623,1631.012,1556.112,1616.358,1134434300.0
2026-08-05T00:00:00,1615.261,1715.276,1615.261,1693.668,1295646900.0
2026-08-06T00:00:00,1651.108,1727.735,1651.108,1701.292,1201717800.0
2026-08-07T00:00:00,1697.37,1747.737,1686.661,1744.024,1214141800.0
2026-08-10T00:00:00,1740.136,1752.931,1704.084,1737.774,1081717400.0
2026-08-11T00:00:00,1713.258,1753.137,1699.915,1709.503,1183017500.0
2026-08-12T00:00:00,1720.364,1747.945,1709.164,1736.991,974254400.0
2026-08-13T00:00:00,1763.456,1782.782,1715.335,1717.748,1057752500.0
2026-08-14T00:00:00,1738.817,1741.347,1690.675,1717.679,868513900.0
2026-08-17T00:00:00,1721.546,1788.85,1718.605,1788.85,1084756500.0
2026-08-18T00:00:00,1786.369,1798.779,1753.971,1790.874,1117992100.0
2026-08-19T00:00:00,1738.913,1748.523,1653.668,1667.516,1222798500.0
