date,cash,positions_value,equity,held
2024-07-18,944717.42,55266.0,999983.42,SPY:100
2024-07-19,944717.42,54899.0,999616.42,SPY:100
2024-07-22,944717.42,55465.0,1000182.42,SPY:100
2024-07-23,1000078.81,0,1000078.81,flat
2024-07-24,1000078.81,0,1000078.81,flat
2024-07-25,889149.54,110896.0,1000045.54,NVDA:100 QQQ:100 SPY:100
2024-07-26,889149.54,112047.0,1001196.54,NVDA:100 QQQ:100 SPY:100
2024-07-29,943609.2,57549.0,1001158.2,NVDA:100 QQQ:100
2024-07-30,943609.2,56126.0,999735.2,NVDA:100 QQQ:100
2024-07-31,943609.2,58809.0,1002418.2,NVDA:100 QQQ:100
2024-08-01,943609.2,56887.0,1000496.2,NVDA:100 QQQ:100
2024-08-02,898720.73,100477.0,999197.73,NVDA:100 QQQ:200
2024-08-05,888672.72,107164.0,995836.72,NVDA:200 QQQ:200
2024-08-06,888672.72,108756.0,997428.72,NVDA:200 QQQ:200
2024-08-07,898560.75,96845.0,995405.75,NVDA:100 QQQ:200
2024-08-08,943354.31,55304.0,998658.31,NVDA:100 QQQ:100
2024-08-09,943354.31,55516.0,998870.31,NVDA:100 QQQ:100
2024-08-12,943354.31,56040.0,999394.31,NVDA:100 QQQ:100
2024-08-13,943354.31,57872.0,1001226.31,NVDA:100 QQQ:100
2024-08-14,943354.31,58081.0,1001435.31,NVDA:100 QQQ:100
2024-08-15,943354.31,59728.0,1003082.31,NVDA:100 QQQ:100
2024-08-16,943354.31,59961.0,1003315.31,NVDA:100 QQQ:100
2024-08-19,943354.31,61127.0,1004481.31,NVDA:100 QQQ:100
2024-08-20,943354.31,60751.0,1004105.31,NVDA:100 QQQ:100
2024-08-21,943354.31,61100.0,1004454.31,NVDA:100 QQQ:100
2024-08-22,943354.31,59859.0,1003213.31,NVDA:100 QQQ:100
2024-08-23,943354.31,60937.0,1004291.31,NVDA:100 QQQ:100
2024-08-26,943354.31,60180.0,1003534.31,NVDA:100 QQQ:100
2024-08-27,943354.31,60506.0,1003860.31,NVDA:100 QQQ:100
2024-08-28,896205.17,106831.0,1003036.17,NVDA:100 QQQ:200
2024-08-29,884442.64,117650.0,1002092.64,NVDA:200 QQQ:200
2024-08-30,932055.35,71501.0,1003556.35,NVDA:200 QQQ:100
2024-09-03,932055.35,67781.0,999836.35,NVDA:200 QQQ:100
2024-09-04,876943.83,122398.0,999341.83,NVDA:200 QQQ:100 SPY:100
2024-09-05,876943.83,122507.0,999450.83,NVDA:200 QQQ:100 SPY:100
2024-09-06,876943.83,119471.0,996414.83,NVDA:200 QQQ:100 SPY:100
2024-09-09,887587.63,110734.0,998321.63,NVDA:100 QQQ:100 SPY:100
2024-09-10,988302.41,10810.0,999112.41,NVDA:100
2024-09-11,988302.41,11691.0,999993.41,NVDA:100
2024-09-12,988302.41,11914.0,1000216.41,NVDA:100
2024-09-13,988302.41,11910.0,1000212.41,NVDA:100
2024-09-16,988302.41,11678.0,999980.41,NVDA:100
2024-09-17,988302.41,11559.0,999861.41,NVDA:100
2024-09-18,988302.41,11337.0,999639.41,NVDA:100
2024-09-19,988302.41,11787.0,1000089.41,NVDA:100
2024-09-20,988302.41,11600.0,999902.41,NVDA:100
2024-09-23,988302.41,11626.0,999928.41,NVDA:100
2024-09-24,988302.41,12087.0,1000389.41,NVDA:100
2024-09-25,988302.41,12351.0,1000653.41,NVDA:100
2024-09-26,988302.41,12404.0,1000706.41,NVDA:100
2024-09-27,988302.41,12140.0,1000442.41,NVDA:100
2024-09-30,988302.41,12144.0,1000446.41,NVDA:100
2024-10-01,988302.41,11700.0,1000002.41,NVDA:100
2024-10-02,883189.88,116966.0,1000155.88,NVDA:100 QQQ:100 SPY:100
2024-10-03,883189.88,117226.0,1000415.88,NVDA:100 QQQ:100 SPY:100
2024-10-04,883189.88,118522.0,1001711.88,NVDA:100 QQQ:100 SPY:100
2024-10-07,883189.88,117762.0,1000951.88,NVDA:100 QQQ:100 SPY:100
2024-10-08,883189.88,119536.0,1002725.88,NVDA:100 QQQ:100 SPY:100
2024-10-09,883189.88,120294.0,1003483.88,NVDA:100 QQQ:100 SPY:100
2024-10-10,883189.88,120353.0,1003542.88,NVDA:100 QQQ:100 SPY:100
2024-10-11,883189.88,120774.0,1003963.88,NVDA:100 QQQ:100 SPY:100
2024-10-14,883189.88,121989.0,1005178.88,NVDA:100 QQQ:100 SPY:100
2024-10-15,883189.88,120223.0,1003412.88,NVDA:100 QQQ:100 SPY:100
2024-10-16,883189.88,120893.0,1004082.88,NVDA:100 QQQ:100 SPY:100
2024-10-17,883189.88,121053.0,1004242.88,NVDA:100 QQQ:100 SPY:100
2024-10-18,883189.88,121706.0,1004895.88,NVDA:100 QQQ:100 SPY:100
2024-10-21,883189.88,122276.0,1005465.88,NVDA:100 QQQ:100 SPY:100
2024-10-22,883189.88,122287.0,1005476.88,NVDA:100 QQQ:100 SPY:100
2024-10-23,883189.88,120591.0,1003780.88,NVDA:100 QQQ:100 SPY:100
2024-10-24,825248.51,179121.0,1004369.51,NVDA:100 QQQ:100 SPY:200
2024-10-25,825248.51,179494.0,1004742.51,NVDA:100 QQQ:100 SPY:200
2024-10-28,883314.08,121675.0,1004989.08,NVDA:100 QQQ:100 SPY:100
2024-10-29,883314.08,122318.0,1005632.08,NVDA:100 QQQ:100 SPY:100
2024-10-30,883314.08,121572.5,1004886.58,NVDA:100 QQQ:100 SPY:100
2024-10-31,813153.04,188665.0,1001818.04,NVDA:200 QQQ:100 SPY:200
2024-11-01,764395.42,238774.0,1003169.42,NVDA:200 QQQ:200 SPY:200
2024-11-04,777996.33,224769.0,1002765.33,NVDA:100 QQQ:200 SPY:200
2024-11-05,884855.27,120882.0,1005737.27,NVDA:100 QQQ:100 SPY:100
2024-11-06,884855.27,124223.0,1009078.27,NVDA:100 QQQ:100 SPY:100
2024-11-07,884855.27,125803.0,1010658.27,NVDA:100 QQQ:100 SPY:100
2024-11-08,884855.27,125996.0,1010851.27,NVDA:100 QQQ:100 SPY:100
2024-11-11,884855.27,125786.0,1010641.27,NVDA:100 QQQ:100 SPY:100
2024-11-12,884855.27,125810.0,1010665.27,NVDA:100 QQQ:100 SPY:100
2024-11-13,884855.27,125571.0,1010426.27,NVDA:100 QQQ:100 SPY:100
2024-11-14,884855.27,124880.0,1009735.27,NVDA:100 QQQ:100 SPY:100
2024-11-15,776590.8,230662.0,1007252.8,NVDA:100 QQQ:200 SPY:200
2024-11-18,762571.59,245664.0,1008235.59,NVDA:200 QQQ:200 SPY:200
2024-11-19,827599.08,183107.0,1010706.08,NVDA:100 QQQ:100 SPY:200
2024-11-20,827599.08,183006.0,1010605.08,NVDA:100 QQQ:100 SPY:200
2024-11-21,827599.08,183899.0,1011498.08,NVDA:100 QQQ:100 SPY:200
2024-11-22,827599.08,183876.0,1011475.08,NVDA:100 QQQ:100 SPY:200
2024-11-25,813993.0,197369.0,1011362.0,NVDA:200 QQQ:100 SPY:200
2024-11-26,813993.0,198445.0,1012438.0,NVDA:200 QQQ:100 SPY:200
2024-11-27,813993.0,197364.0,1011357.0,NVDA:200 QQQ:100 SPY:200
2024-11-29,827813.85,185309.0,1013122.85,NVDA:100 QQQ:100 SPY:200
2024-12-02,827813.85,186118.0,1013931.85,NVDA:100 QQQ:100 SPY:200
2024-12-03,827813.85,186495.0,1014308.85,NVDA:100 QQQ:100 SPY:200
2024-12-04,827813.85,188372.0,1016185.85,NVDA:100 QQQ:100 SPY:200
2024-12-05,827813.85,188019.0,1015832.85,NVDA:100 QQQ:100 SPY:200
2024-12-06,827813.85,188454.0,1016267.85,NVDA:100 QQQ:100 SPY:200
2024-12-09,827813.85,187055.0,1014868.85,NVDA:100 QQQ:100 SPY:200
2024-12-10,827813.85,186127.0,1013940.85,NVDA:100 QQQ:100 SPY:200
2024-12-11,827813.85,188415.0,1016228.85,NVDA:100 QQQ:100 SPY:200
2024-12-12,841543.73,173516.0,1015059.73,QQQ:100 SPY:200
2024-12-13,841543.73,173895.0,1015438.73,QQQ:100 SPY:200
2024-12-16,841543.73,175175.0,1016718.73,QQQ:100 SPY:200
2024-12-17,841543.73,174438.0,1015981.73,QQQ:100 SPY:200
2024-12-18,782898.14,227531.0,1010429.14,QQQ:100 SPY:300
2024-12-19,731465.72,278664.0,1010129.72,QQQ:200 SPY:300
2024-12-20,731465.72,281077.0,1012542.72,QQQ:200 SPY:300
2024-12-23,843188.19,171225.0,1014413.19,QQQ:100 SPY:200
2024-12-24,843188.19,173256.0,1016444.19,QQQ:100 SPY:200
2024-12-26,843188.19,173228.0,1016416.19,QQQ:100 SPY:200
2024-12-27,843188.19,171258.0,1014446.19,QQQ:100 SPY:200
2024-12-30,843188.19,169205.0,1012393.19,QQQ:100 SPY:200
2024-12-31,733424.27,278070.0,1011494.27,QQQ:200 SPY:300
2025-01-02,733424.27,277438.0,1010862.27,QQQ:200 SPY:300
2025-01-03,844443.96,170248.0,1014691.96,QQQ:100 SPY:200
2025-01-06,844443.96,171526.0,1015969.96,QQQ:100 SPY:200
2025-01-07,844443.96,169244.0,1013687.96,QQQ:100 SPY:200
2025-01-08,844443.96,169425.0,1013868.96,QQQ:100 SPY:200
2025-01-10,844443.96,166817.0,1011260.96,QQQ:100 SPY:200
2025-01-13,735716.35,275529.0,1011245.35,QQQ:200 SPY:300
2025-01-14,780737.93,230630.0,1011367.93,NVDA:100 QQQ:200 SPY:200
2025-01-15,846012.34,170226.0,1016238.34,QQQ:100 SPY:200
2025-01-16,846012.34,169636.0,1015648.34,QQQ:100 SPY:200
2025-01-17,846012.34,171690.0,1017702.34,QQQ:100 SPY:200
2025-01-21,846012.34,173090.0,1019102.34,QQQ:100 SPY:200
2025-01-22,846012.34,174439.0,1020451.34,QQQ:100 SPY:200
2025-01-23,846012.34,175214.0,1021226.34,QQQ:100 SPY:200
2025-01-24,846012.34,174557.0,1020569.34,QQQ:100 SPY:200
2025-01-27,846012.34,171295.0,1017307.34,QQQ:100 SPY:200
2025-01-28,833109.47,185984.0,1019093.47,NVDA:100 QQQ:100 SPY:200
2025-01-29,845475.76,172445.0,1017920.76,QQQ:100 SPY:200
2025-01-30,845475.76,173313.0,1018788.76,QQQ:100 SPY:200
2025-01-31,845475.76,172593.0,1018068.76,QQQ:100 SPY:200
2025-02-03,845475.76,171365.0,1016840.76,QQQ:100 SPY:200
2025-02-04,845475.76,172803.0,1018278.76,QQQ:100 SPY:200
2025-02-05,845475.76,173529.0,1019004.76,QQQ:100 SPY:200
2025-02-06,845475.76,174224.0,1019699.76,QQQ:100 SPY:200
2025-02-07,845475.76,172446.0,1017921.76,QQQ:100 SPY:200
2025-02-10,845475.76,173895.0,1019370.76,QQQ:100 SPY:200
2025-02-11,845475.76,173861.0,1019336.76,QQQ:100 SPY:200
2025-02-12,845475.76,173502.0,1018977.76,QQQ:100 SPY:200
2025-02-13,845475.76,175536.0,1021011.76,QQQ:100 SPY:200
2025-02-14,845475.76,175755.0,1021230.76,QQQ:100 SPY:200
2025-02-18,845475.76,176235.0,1021710.76,QQQ:100 SPY:200
2025-02-19,845475.76,176538.0,1022013.76,QQQ:100 SPY:200
2025-02-20,845475.76,175799.0,1021274.76,QQQ:100 SPY:200
2025-02-21,845475.76,172596.0,1018071.76,QQQ:100 SPY:200
2025-02-24,720702.34,296165.0,1016867.34,NVDA:100 QQQ:200 SPY:300
2025-02-25,720702.34,293599.0,1014301.34,NVDA:100 QQQ:200 SPY:300
2025-02-26,720702.34,294402.0,1015104.34,NVDA:100 QQQ:200 SPY:300
2025-02-27,720702.34,287584.0,1008286.34,NVDA:100 QQQ:200 SPY:300
2025-02-28,720702.34,292380.0,1013082.34,NVDA:100 QQQ:200 SPY:300
2025-03-03,779061.83,227570.0,1006631.83,NVDA:100 QQQ:200 SPY:200
2025-03-04,671788.65,333322.0,1005110.65,NVDA:100 QQQ:300 SPY:300
2025-03-05,733701.07,275320.0,1009021.07,QQQ:200 SPY:300
2025-03-06,790954.89,212182.0,1003136.89,QQQ:200 SPY:200
2025-03-07,672879.48,331582.0,1004461.48,NVDA:100 QQQ:300 SPY:300
2025-03-10,672879.48,320691.0,993570.48,NVDA:100 QQQ:300 SPY:300
2025-03-11,672879.48,319132.0,992011.48,NVDA:100 QQQ:300 SPY:300
2025-03-12,684450.01,310737.0,995187.01,QQQ:300 SPY:300
2025-03-13,731269.96,259094.0,990363.96,QQQ:200 SPY:300
2025-03-14,787534.07,208494.0,996028.07,QQQ:200 SPY:200
2025-03-17,787534.07,209984.0,997518.07,QQQ:200 SPY:200
2025-03-18,787534.07,207112.0,994646.07,QQQ:200 SPY:200
2025-03-19,787534.07,209604.0,997138.07,QQQ:200 SPY:200
2025-03-20,787534.07,208950.0,996484.07,QQQ:200 SPY:200
2025-03-21,787534.07,208964.0,996498.07,QQQ:200 SPY:200
2025-03-24,787534.07,212948.0,1000482.07,QQQ:200 SPY:200
2025-03-25,787534.07,213784.0,1001318.07,QQQ:200 SPY:200
2025-03-26,787534.07,210594.0,998128.07,QQQ:200 SPY:200
2025-03-27,776387.73,220883.0,997270.73,NVDA:100 QQQ:200 SPY:200
2025-03-28,673896.99,318347.0,992243.99,NVDA:100 QQQ:300 SPY:300
2025-03-31,673896.99,319331.0,993227.99,NVDA:100 QQQ:300 SPY:300
2025-04-01,729977.16,265019.0,994996.16,NVDA:100 QQQ:300 SPY:200
2025-04-02,788616.57,208134.0,996750.57,QQQ:200 SPY:200
2025-04-03,788616.57,197472.0,986088.57,QQQ:200 SPY:200
2025-04-04,736903.06,237288.0,974191.06,NVDA:100 QQQ:300 SPY:200
2025-04-07,736903.06,237747.0,974650.06,NVDA:100 QQQ:300 SPY:200
2025-04-08,736903.06,233744.0,970647.06,NVDA:100 QQQ:300 SPY:200
2025-04-09,791748.6,206095.0,997843.6,NVDA:100 QQQ:300 SPY:100
2025-04-10,791748.6,197069.0,988817.6,NVDA:100 QQQ:300 SPY:100
2025-04-11,791748.6,200807.0,992555.6,NVDA:100 QQQ:300 SPY:100
2025-04-14,791748.6,202227.0,993975.6,NVDA:100 QQQ:300 SPY:100
2025-04-15,791748.6,202378.0,994126.6,NVDA:100 QQQ:300 SPY:100
2025-04-16,791748.6,196269.0,988017.6,NVDA:100 QQQ:300 SPY:100
2025-04-17,791748.6,196020.0,987768.6,NVDA:100 QQQ:300 SPY:100
2025-04-21,738730.7,244014.0,982744.7,NVDA:200 QQQ:400 SPY:100
2025-04-22,738730.7,250295.0,989025.7,NVDA:200 QQQ:400 SPY:100
2025-04-23,847966.92,146639.0,994605.92,NVDA:100 QQQ:300
2025-04-24,847966.92,150848.0,998814.92,NVDA:100 QQQ:300
2025-04-25,847966.92,152869.0,1000835.92,NVDA:100 QQQ:300
2025-04-28,847966.92,152596.0,1000562.92,NVDA:100 QQQ:300
2025-04-29,847966.92,153561.0,1001527.92,NVDA:100 QQQ:300
2025-04-30,847966.92,153533.0,1001499.92,NVDA:100 QQQ:300
2025-05-01,847966.92,155665.0,1003631.92,NVDA:100 QQQ:300
2025-05-02,847966.92,158099.0,1006065.92,NVDA:100 QQQ:300
2025-05-05,847966.92,157161.0,1005127.92,NVDA:100 QQQ:300
2025-05-06,847966.92,155777.0,1003743.92,NVDA:100 QQQ:300
2025-05-07,847966.92,156696.0,1004662.92,NVDA:100 QQQ:300
2025-05-08,847966.92,158224.0,1006190.92,NVDA:100 QQQ:300
2025-05-09,847966.92,158056.0,1006022.92,NVDA:100 QQQ:300
2025-05-12,847966.92,164655.0,1012621.92,NVDA:100 QQQ:300
2025-05-13,847966.92,167670.0,1015636.92,NVDA:100 QQQ:300
2025-05-14,847966.92,169138.0,1017104.92,NVDA:100 QQQ:300
2025-05-15,847966.92,169258.0,1017224.92,NVDA:100 QQQ:300
2025-05-16,847966.92,169993.0,1017959.92,NVDA:100 QQQ:300
2025-05-19,847966.92,170160.0,1018126.92,NVDA:100 QQQ:300
2025-05-20,847966.92,169519.0,1017485.92,NVDA:100 QQQ:300
2025-05-21,847966.92,167092.0,1015058.92,NVDA:100 QQQ:300
2025-05-22,738225.0,277192.0,1015417.0,NVDA:100 QQQ:400 SPY:100
2025-05-23,738225.0,274736.0,1012961.0,NVDA:100 QQQ:400 SPY:100
2025-05-27,862974.57,156366.0,1019340.57,QQQ:300
2025-05-28,862974.57,155673.0,1018647.57,QQQ:300
2025-05-29,862974.57,155979.0,1018953.57,QQQ:300
2025-05-30,862974.57,155733.0,1018707.57,QQQ:300
2025-06-02,862974.57,156963.0,1019937.57,QQQ:300
2025-06-03,862974.57,158190.0,1021164.57,QQQ:300
2025-06-04,862974.57,158631.0,1021605.57,QQQ:300
2025-06-05,862974.57,157437.0,1020411.57,QQQ:300
2025-06-06,862974.57,158976.0,1021950.57,QQQ:300
2025-06-09,862974.57,159210.0,1022184.57,QQQ:300
2025-06-10,862974.57,160263.0,1023237.57,QQQ:300
2025-06-11,862974.57,159723.0,1022697.57,QQQ:300
2025-06-12,862974.57,160098.0,1023072.57,QQQ:300
2025-06-13,862974.57,158088.0,1021062.57,QQQ:300
2025-06-16,862974.57,160287.0,1023261.57,QQQ:300
2025-06-17,862974.57,158724.0,1021698.57,QQQ:300
2025-06-18,803212.65,218441.0,1021653.65,QQQ:300 SPY:100
2025-06-20,803212.65,217477.0,1020689.65,QQQ:300 SPY:100
2025-06-23,863209.64,159495.0,1022704.64,QQQ:300
2025-06-24,863209.64,161934.0,1025143.64,QQQ:300
2025-06-25,863209.64,162348.0,1025557.64,QQQ:300
2025-06-26,863209.64,163866.0,1027075.64,QQQ:300
2025-06-27,863209.64,164427.0,1027636.64,QQQ:300
2025-06-30,863209.64,165492.0,1028701.64,QQQ:300
2025-07-01,863209.64,164097.0,1027306.64,QQQ:300
2025-07-02,863209.64,165240.0,1028449.64,QQQ:300
2025-07-03,863209.64,166866.0,1030075.64,QQQ:300
2025-07-07,863209.64,165609.0,1028818.64,QQQ:300
2025-07-08,863209.64,165702.0,1028911.64,QQQ:300
2025-07-09,863209.64,166875.0,1030084.64,QQQ:300
2025-07-10,863209.64,166635.0,1029844.64,QQQ:300
2025-07-11,863209.64,166260.0,1029469.64,QQQ:300
2025-07-14,863209.64,166863.0,1030072.64,QQQ:300
2025-07-15,863209.64,167016.0,1030225.64,QQQ:300
2025-07-16,863209.64,167187.0,1030396.64,QQQ:300
2025-07-17,863209.64,168540.0,1031749.64,QQQ:300
2025-07-18,863209.64,168378.0,1031587.64,QQQ:300
2025-07-21,863209.64,169251.0,1032460.64,QQQ:300
2025-07-22,863209.64,168375.0,1031584.64,QQQ:300
2025-07-23,863209.64,169143.0,1032352.64,QQQ:300
2025-07-24,863209.64,169503.0,1032712.64,QQQ:300
2025-07-25,863209.64,169911.0,1033120.64,QQQ:300
2025-07-28,863209.64,170442.0,1033651.64,QQQ:300
2025-07-29,863209.64,170178.0,1033387.64,QQQ:300
2025-07-30,863209.64,170406.0,1033615.64,QQQ:300
2025-07-31,863209.64,169503.0,1032712.64,QQQ:300
2025-08-01,801018.99,228336.0,1029354.99,QQQ:300 SPY:100
2025-08-04,801018.99,232347.0,1033365.99,QQQ:300 SPY:100
2025-08-05,919807.34,112054.0,1031861.34,QQQ:200
2025-08-06,919807.34,113464.0,1033271.34,QQQ:200
2025-08-07,919807.34,113848.0,1033655.34,QQQ:200
2025-08-08,919807.34,114910.0,1034717.34,QQQ:200
2025-08-11,919807.34,114570.0,1034377.34,QQQ:200
2025-08-12,919807.34,116010.0,1035817.34,QQQ:200
2025-08-13,919807.34,116068.0,1035875.34,QQQ:200
2025-08-14,919807.34,115978.0,1035785.34,QQQ:200
2025-08-15,919807.34,115468.0,1035275.34,QQQ:200
2025-08-18,919807.34,115422.0,1035229.34,QQQ:200
2025-08-19,902238.07,131420.0,1033658.07,NVDA:100 QQQ:200
2025-08-20,845631.1,187310.0,1032941.1,NVDA:100 QQQ:300
2025-08-21,782057.03,250037.0,1032094.03,NVDA:100 QQQ:300 SPY:100
2025-08-22,921542.17,114394.0,1035936.17,QQQ:200
2025-08-25,921542.17,114064.0,1035606.17,QQQ:200
2025-08-26,921542.17,114522.0,1036064.17,QQQ:200
2025-08-27,921542.17,114698.0,1036240.17,QQQ:200
2025-08-28,921542.17,115416.0,1036958.17,QQQ:200
2025-08-29,921542.17,114080.0,1035622.17,QQQ:200
2025-09-02,904459.05,130202.0,1034661.05,NVDA:100 QQQ:200
2025-09-03,783041.63,252457.0,1035498.63,NVDA:100 QQQ:300 SPY:100
2025-09-04,905439.9,132210.0,1037649.9,NVDA:100 QQQ:200
2025-09-05,905439.9,131914.0,1037353.9,NVDA:100 QQQ:200
2025-09-08,905439.9,132605.0,1038044.9,NVDA:100 QQQ:200
2025-09-09,922510.78,116102.0,1038612.78,QQQ:200
2025-09-10,922510.78,116140.0,1038650.78,QQQ:200
2025-09-11,922510.78,116816.0,1039326.78,QQQ:200
2025-09-12,922510.78,117332.0,1039842.78,QQQ:200
2025-09-15,922510.78,118336.0,1040846.78,QQQ:200
2025-09-16,922510.78,118236.0,1040746.78,QQQ:200
2025-09-17,922510.78,118000.0,1040510.78,QQQ:200
2025-09-18,922510.78,119064.0,1041574.78,QQQ:200
2025-09-19,922510.78,119870.0,1042380.78,QQQ:200
2025-09-22,922510.78,120440.0,1042950.78,QQQ:200
2025-09-23,922510.78,119640.0,1042150.78,QQQ:200
2025-09-24,922510.78,119220.0,1041730.78,QQQ:200
2025-09-25,922510.78,118706.0,1041216.78,QQQ:200
2025-09-26,922510.78,119194.0,1041704.78,QQQ:200
2025-09-29,922510.78,119746.0,1042256.78,QQQ:200
2025-09-30,922510.78,120074.0,1042584.78,QQQ:200
2025-10-01,922510.78,120650.0,1043160.78,QQQ:200
2025-10-02,922510.78,121146.0,1043656.78,QQQ:200
2025-10-03,922510.78,120636.0,1043146.78,QQQ:200
2025-10-06,922510.78,121542.0,1044052.78,QQQ:200
2025-10-07,922510.78,120902.0,1043412.78,QQQ:200
2025-10-08,922510.78,122288.0,1044798.78,QQQ:200
2025-10-09,922510.78,122140.0,1044650.78,QQQ:200
2025-10-10,857189.19,183202.0,1040391.19,QQQ:200 SPY:100
2025-10-13,796970.13,246907.0,1043877.13,QQQ:300 SPY:100
2025-10-14,863173.26,179400.0,1042573.26,QQQ:300
2025-10-15,863173.26,180666.0,1043839.26,QQQ:300
2025-10-16,863173.26,179997.0,1043170.26,QQQ:300
2025-10-17,863173.26,181179.0,1044352.26,QQQ:300
2025-10-20,863173.26,183462.0,1046635.26,QQQ:300
2025-10-21,863173.26,183414.0,1046587.26,QQQ:300
2025-10-22,863173.26,181647.0,1044820.26,QQQ:300
2025-10-23,863173.26,183174.0,1046347.26,QQQ:300
2025-10-24,863173.26,185130.0,1048303.26,QQQ:300
2025-10-27,863173.26,188427.0,1051600.26,QQQ:300
2025-10-28,863173.26,189876.0,1053049.26,QQQ:300
2025-10-29,863173.26,190731.0,1053904.26,QQQ:300
2025-10-30,863173.26,187815.0,1050988.26,QQQ:300
2025-10-31,863173.26,188721.0,1051894.26,QQQ:300
2025-11-03,863173.26,189624.0,1052797.26,QQQ:300
2025-11-04,863173.26,185775.0,1048948.26,QQQ:300
2025-11-05,733048.24,317070.0,1050118.24,QQQ:400 SPY:100
2025-11-06,714234.59,330507.0,1044741.59,NVDA:100 QQQ:400 SPY:100
2025-11-07,714234.59,329808.0,1044042.59,NVDA:100 QQQ:400 SPY:100
2025-11-10,844662.45,206874.0,1051536.45,NVDA:100 QQQ:300
2025-11-11,844662.45,205787.0,1050449.45,NVDA:100 QQQ:300
2025-11-12,844662.45,205704.0,1050366.45,NVDA:100 QQQ:300
2025-11-13,844662.45,201206.0,1045868.45,NVDA:100 QQQ:300
2025-11-14,844662.45,201675.0,1046337.45,NVDA:100 QQQ:300
2025-11-17,844662.45,199758.0,1044420.45,NVDA:100 QQQ:300
2025-11-18,826521.01,215165.0,1041686.01,NVDA:200 QQQ:300
2025-11-19,826521.01,217265.0,1043786.01,NVDA:200 QQQ:300
2025-11-20,844579.59,193765.0,1038344.59,NVDA:100 QQQ:300
2025-11-21,826686.23,212797.0,1039483.23,NVDA:200 QQQ:300
2025-11-24,887184.07,157542.0,1044726.07,NVDA:200 QQQ:200
2025-11-25,887184.07,157342.0,1044526.07,NVDA:200 QQQ:200
2025-11-26,887184.07,158906.0,1046090.07,NVDA:200 QQQ:200
2025-11-28,887184.07,159250.0,1046434.07,NVDA:200 QQQ:200
2025-12-01,887184.07,159418.0,1046602.07,NVDA:200 QQQ:200
2025-12-02,887184.07,160692.0,1047876.07,NVDA:200 QQQ:200
2025-12-03,887184.07,160622.0,1047806.07,NVDA:200 QQQ:200
2025-12-04,887184.07,161264.0,1048448.07,NVDA:200 QQQ:200
2025-12-05,887184.07,161578.0,1048762.07,NVDA:200 QQQ:200
2025-12-08,887184.07,161966.0,1049150.07,NVDA:200 QQQ:200
2025-12-09,887184.07,162004.0,1049188.07,NVDA:200 QQQ:200
2025-12-10,887184.07,162278.0,1049462.07,NVDA:200 QQQ:200
2025-12-11,887184.07,161302.0,1048486.07,NVDA:200 QQQ:200
2025-12-12,869676.82,175230.0,1044906.82,NVDA:300 QQQ:200
2025-12-15,740511.08,304122.0,1044633.08,NVDA:300 QQQ:300 SPY:100
2025-12-16,740511.08,304728.0,1045239.08,NVDA:300 QQQ:300 SPY:100
2025-12-17,740511.08,298545.0,1039056.08,NVDA:300 QQQ:300 SPY:100
2025-12-18,740511.08,302622.0,1043133.08,NVDA:300 QQQ:300 SPY:100
2025-12-19,888329.73,159608.0,1047937.73,NVDA:200 QQQ:200
2025-12-22,888329.73,160580.0,1048909.73,NVDA:200 QQQ:200
2025-12-23,888329.73,162264.0,1050593.73,NVDA:200 QQQ:200
2025-12-24,888329.73,162508.0,1050837.73,NVDA:200 QQQ:200
2025-12-26,888329.73,162884.0,1051213.73,NVDA:200 QQQ:200
2025-12-29,888329.73,161818.0,1050147.73,NVDA:200 QQQ:200
2025-12-30,888329.73,161394.0,1049723.73,NVDA:200 QQQ:200
2025-12-31,826880.3,221593.0,1048473.3,NVDA:200 QQQ:300
2026-01-02,758542.8,290023.0,1048565.8,NVDA:200 QQQ:300 SPY:100
2026-01-05,827294.17,223021.0,1050315.17,NVDA:200 QQQ:300
2026-01-06,889617.47,162132.0,1051749.47,NVDA:200 QQQ:200
2026-01-07,889617.47,162626.0,1052243.47,NVDA:200 QQQ:200
2026-01-08,889617.47,161102.0,1050719.47,NVDA:200 QQQ:200
2026-01-09,871125.92,180788.0,1051913.92,NVDA:300 QQQ:200
2026-01-12,871125.92,180916.0,1052041.92,NVDA:300 QQQ:200
2026-01-13,889701.35,162410.0,1052111.35,NVDA:200 QQQ:200
2026-01-14,889701.35,160538.0,1050239.35,NVDA:200 QQQ:200
2026-01-15,889701.35,161766.0,1051467.35,NVDA:200 QQQ:200
2026-01-16,951808.71,99372.0,1051180.71,NVDA:200 QQQ:100
2026-01-20,823206.14,224984.0,1048190.14,NVDA:200 QQQ:200 SPY:100
2026-01-21,804868.64,246792.0,1051660.64,NVDA:300 QQQ:200 SPY:100
2026-01-22,892224.43,161120.0,1053344.43,NVDA:200 QQQ:200
2026-01-23,892224.43,162078.0,1054302.43,NVDA:200 QQQ:200
2026-01-26,892224.43,162386.0,1054610.43,NVDA:200 QQQ:200
2026-01-27,892224.43,163930.0,1056154.43,NVDA:200 QQQ:200
2026-01-28,892224.43,164948.0,1057172.43,NVDA:200 QQQ:200
2026-01-29,892224.43,164388.0,1056612.43,NVDA:200 QQQ:200
2026-01-30,892224.43,162600.0,1054824.43,NVDA:200 QQQ:200
2026-02-02,892224.43,162350.0,1054574.43,NVDA:200 QQQ:200
2026-02-03,874185.02,177406.0,1051591.02,NVDA:300 QQQ:200
2026-02-04,744952.26,302601.0,1047553.26,NVDA:300 QQQ:300 SPY:100
2026-02-05,744952.26,298435.0,1043387.26,NVDA:300 QQQ:300 SPY:100
2026-02-06,744952.26,307580.0,1052532.26,NVDA:300 QQQ:300 SPY:100
2026-02-09,875740.01,179876.0,1055616.01,NVDA:300 QQQ:200
2026-02-10,875740.01,178856.0,1054596.01,NVDA:300 QQQ:200
2026-02-11,875740.01,179637.0,1055377.01,NVDA:300 QQQ:200
2026-02-12,875740.01,176210.0,1051950.01,NVDA:300 QQQ:200
2026-02-13,875740.01,175227.0,1050967.01,NVDA:300 QQQ:200
2026-02-17,875740.01,175751.0,1051491.01,NVDA:300 QQQ:200
2026-02-18,875740.01,177552.0,1053292.01,NVDA:300 QQQ:200
2026-02-19,875740.01,177064.0,1052804.01,NVDA:300 QQQ:200
2026-02-20,875740.01,178708.0,1054448.01,NVDA:300 QQQ:200
2026-02-23,875740.01,177747.0,1053487.01,NVDA:300 QQQ:200
2026-02-24,875740.01,179429.0,1055169.01,NVDA:300 QQQ:200
2026-02-25,875740.01,182004.0,1057744.01,NVDA:300 QQQ:200
2026-02-26,875740.01,177315.0,1053055.01,NVDA:300 QQQ:200
2026-02-27,858015.69,192334.0,1050349.69,NVDA:400 QQQ:200
2026-03-02,858015.69,194610.0,1052625.69,NVDA:400 QQQ:200
2026-03-03,858015.69,192336.0,1050351.69,NVDA:400 QQQ:200
2026-03-04,858015.69,195366.0,1053381.69,NVDA:400 QQQ:200
2026-03-05,858015.69,195118.0,1053133.69,NVDA:400 QQQ:200
2026-03-06,790757.52,258316.0,1049073.52,NVDA:400 QQQ:200 SPY:100
2026-03-09,790757.52,262439.0,1053196.52,NVDA:400 QQQ:200 SPY:100
2026-03-10,858455.21,195462.0,1053917.21,NVDA:400 QQQ:200
2026-03-11,858455.21,195950.0,1054405.21,NVDA:400 QQQ:200
2026-03-12,791829.22,259314.0,1051143.22,NVDA:400 QQQ:200 SPY:100
2026-03-13,732439.41,316445.0,1048884.41,NVDA:400 QQQ:300 SPY:100
2026-03-16,732439.41,320305.0,1052744.41,NVDA:400 QQQ:300 SPY:100
2026-03-17,859811.19,193434.0,1053245.19,NVDA:400 QQQ:200
2026-03-18,859811.19,191140.0,1050951.19,NVDA:400 QQQ:200
2026-03-19,734491.61,315310.0,1049801.61,NVDA:400 QQQ:300 SPY:100
2026-03-20,734491.61,308555.0,1043046.61,NVDA:400 QQQ:300 SPY:100
2026-03-23,734491.61,312194.0,1046685.61,NVDA:400 QQQ:300 SPY:100
2026-03-24,875685.23,169356.0,1045041.23,NVDA:300 QQQ:200
2026-03-25,875685.23,171168.0,1046853.23,NVDA:300 QQQ:200
2026-03-26,875685.23,166130.0,1041815.23,NVDA:300 QQQ:200
2026-03-27,795500.19,242933.0,1038433.19,NVDA:400 QQQ:200 SPY:100
2026-03-30,795500.19,240921.0,1036421.19,NVDA:400 QQQ:200 SPY:100
2026-03-31,935650.13,110038.0,1045688.13,NVDA:300 QQQ:100
2026-04-01,935650.13,111156.0,1046806.13,NVDA:300 QQQ:100
2026-04-02,935650.13,111715.0,1047365.13,NVDA:300 QQQ:100
2026-04-06,935650.13,112142.0,1047792.13,NVDA:300 QQQ:100
2026-04-07,935650.13,112289.0,1047939.13,NVDA:300 QQQ:100
2026-04-08,935650.13,115233.0,1050883.13,NVDA:300 QQQ:100
2026-04-09,935650.13,116192.0,1051842.13,NVDA:300 QQQ:100
2026-04-10,935650.13,117696.0,1053346.13,NVDA:300 QQQ:100
2026-04-13,935650.13,118532.0,1054182.13,NVDA:300 QQQ:100
2026-04-14,935650.13,121813.0,1057463.13,NVDA:300 QQQ:100
2026-04-15,935650.13,123401.0,1059051.13,NVDA:300 QQQ:100
2026-04-16,935650.13,123552.0,1059202.13,NVDA:300 QQQ:100
2026-04-17,935650.13,125389.0,1061039.13,NVDA:300 QQQ:100
2026-04-20,935650.13,125297.0,1060947.13,NVDA:300 QQQ:100
2026-04-21,935650.13,124397.0,1060047.13,NVDA:300 QQQ:100
2026-04-22,935650.13,126261.0,1061911.13,NVDA:300 QQQ:100
2026-04-23,935650.13,125034.0,1060684.13,NVDA:300 QQQ:100
2026-04-24,935650.13,128869.0,1064519.13,NVDA:300 QQQ:100
2026-04-27,935650.13,131406.0,1067056.13,NVDA:300 QQQ:100
2026-04-28,935650.13,129706.0,1065356.13,NVDA:300 QQQ:100
2026-04-29,935650.13,128932.0,1064582.13,NVDA:300 QQQ:100
2026-04-30,935650.13,126645.0,1062295.13,NVDA:300 QQQ:100
2026-05-01,915799.18,146795.0,1062594.18,NVDA:400 QQQ:100
2026-05-04,915799.18,146680.0,1062479.18,NVDA:400 QQQ:100
2026-05-05,915799.18,146761.0,1062560.18,NVDA:400 QQQ:100
2026-05-06,936575.94,131926.0,1068501.94,NVDA:300 QQQ:100
2026-05-07,936575.94,132944.0,1069519.94,NVDA:300 QQQ:100
2026-05-08,936575.94,135683.0,1072258.94,NVDA:300 QQQ:100
2026-05-11,936575.94,137161.0,1073736.94,NVDA:300 QQQ:100
2026-05-12,936575.94,136958.0,1073533.94,NVDA:300 QQQ:100
2026-05-13,936575.94,139220.0,1075795.94,NVDA:300 QQQ:100
2026-05-14,936575.94,142701.0,1079276.94,NVDA:300 QQQ:100
2026-05-15,936575.94,138489.0,1075064.94,NVDA:300 QQQ:100
2026-05-18,936575.94,137284.0,1073859.94,NVDA:300 QQQ:100
2026-05-19,866401.89,206489.0,1072890.89,NVDA:300 QQQ:200
2026-05-20,937695.5,138356.0,1076051.5,NVDA:300 QQQ:100
2026-05-21,937695.5,137304.0,1074999.5,NVDA:300 QQQ:100
2026-05-22,916156.04,157886.0,1074042.04,NVDA:400 QQQ:100
2026-05-26,916156.04,158972.0,1075128.04,NVDA:400 QQQ:100
2026-05-27,916156.04,157985.0,1074141.04,NVDA:400 QQQ:100
2026-05-28,916156.04,159260.0,1075416.04,NVDA:400 QQQ:100
2026-05-29,937263.71,137173.0,1074436.71,NVDA:300 QQQ:100
2026-06-01,937263.71,141582.0,1078845.71,NVDA:300 QQQ:100
2026-06-02,937263.71,141462.0,1078725.71,NVDA:300 QQQ:100
2026-06-03,937263.71,138846.0,1076109.71,NVDA:300 QQQ:100
2026-06-04,937263.71,139659.0,1076922.71,NVDA:300 QQQ:100
2026-06-05,937263.71,132036.0,1069299.71,NVDA:300 QQQ:100
2026-06-08,770820.79,300592.0,1071412.79,NVDA:400 QQQ:200 SPY:100
2026-06-09,770820.79,298547.0,1069367.79,NVDA:400 QQQ:200 SPY:100
2026-06-10,750772.78,311491.0,1062263.78,NVDA:500 QQQ:200 SPY:100
2026-06-11,822463.26,247923.0,1070386.26,NVDA:500 QQQ:100 SPY:100
2026-06-12,917128.85,154210.0,1071338.85,NVDA:400 QQQ:100
2026-06-15,917128.85,159380.0,1076508.85,NVDA:400 QQQ:100
2026-06-16,917128.85,155950.0,1073078.85,NVDA:400 QQQ:100
2026-06-17,917128.85,154111.0,1071239.85,NVDA:400 QQQ:100
2026-06-18,917128.85,158338.0,1075466.85,NVDA:400 QQQ:100
2026-06-22,917128.85,157255.0,1074383.85,NVDA:400 QQQ:100
2026-06-23,917128.85,151381.0,1068509.85,NVDA:400 QQQ:100
2026-06-24,752793.57,314948.0,1067741.57,NVDA:500 QQQ:200 SPY:100
2026-06-25,752793.57,314576.0,1067369.57,NVDA:500 QQQ:200 SPY:100
2026-06-26,823424.37,239816.0,1063240.37,NVDA:500 QQQ:100 SPY:100
2026-06-29,897502.14,169893.0,1067395.14,NVDA:500 QQQ:100
2026-06-30,897502.14,173685.0,1071187.14,NVDA:500 QQQ:100
2026-07-01,897502.14,171307.0,1068809.14,NVDA:500 QQQ:100
2026-07-02,897502.14,168675.0,1066177.14,NVDA:500 QQQ:100
2026-07-06,897502.14,170057.0,1067559.14,NVDA:500 QQQ:100
2026-07-07,897502.14,169408.0,1066910.14,NVDA:500 QQQ:100
2026-07-08,897502.14,173204.0,1070706.14,NVDA:500 QQQ:100
2026-07-09,897502.14,173718.0,1071220.14,NVDA:500 QQQ:100
2026-07-10,897502.14,178031.0,1075533.14,NVDA:500 QQQ:100
2026-07-13,897502.14,172939.0,1070441.14,NVDA:500 QQQ:100
2026-07-14,897502.14,177869.0,1075371.14,NVDA:500 QQQ:100
2026-07-15,897502.14,178024.0,1075526.14,NVDA:500 QQQ:100
2026-07-16,897502.14,174294.0,1071796.14,NVDA:500 QQQ:100
2026-07-17,827948.28,240471.0,1068419.28,NVDA:500 QQQ:200
2026-07-20,753717.02,315061.0,1068778.02,NVDA:500 QQQ:200 SPY:100
2026-07-21,899398.3,174542.0,1073940.3,NVDA:500 QQQ:100
2026-07-22,899398.3,176565.0,1075963.3,NVDA:500 QQQ:100
2026-07-23,899398.3,173576.0,1072974.3,NVDA:500 QQQ:100
2026-07-24,757039.61,314159.0,1071198.61,NVDA:500 QQQ:200 SPY:100
2026-07-27,757039.61,308588.0,1065627.61,NVDA:500 QQQ:200 SPY:100
2026-07-28,811396.47,253304.0,1064700.47,NVDA:600 QQQ:200
2026-07-29,811396.47,246352.0,1057748.47,NVDA:600 QQQ:200
2026-07-30,879730.96,185379.0,1065109.96,NVDA:600 QQQ:100
2026-07-31,899799.94,169174.0,1068973.94,NVDA:500 QQQ:100
2026-08-03,899799.94,173327.0,1073126.94,NVDA:500 QQQ:100
2026-08-04,899799.94,178355.0,1078154.94,NVDA:500 QQQ:100
2026-08-05,899799.94,181340.0,1081139.94,NVDA:500 QQQ:100
2026-08-06,899799.94,180960.0,1080759.94,NVDA:500 QQQ:100
2026-08-07,899799.94,184283.0,1084082.94,NVDA:500 QQQ:100
2026-08-10,899799.94,180862.0,1080661.94,NVDA:500 QQQ:100
2026-08-11,899799.94,180595.0,1080394.94,NVDA:500 QQQ:100
2026-08-12,899799.94,184415.0,1084214.94,NVDA:500 QQQ:100
2026-08-13,899799.94,185857.0,1085656.94,NVDA:500 QQQ:100
2026-08-14,899799.94,185687.0,1085486.94,NVDA:500 QQQ:100
2026-08-17,899799.94,185492.0,1085291.94,NVDA:500 QQQ:100
2026-08-18,899799.94,181621.0,1081420.94,NVDA:500 QQQ:100
2026-08-19,751241.39,328902.0,1080143.39,NVDA:500 QQQ:200 SPY:100
2026-08-20,729549.88,348556.0,1078105.88,NVDA:600 QQQ:200 SPY:100
2026-08-21,729549.88,348092.0,1077641.88,NVDA:600 QQQ:200 SPY:100
2026-08-24,805873.98,266352.0,1072225.98,NVDA:600 QQQ:200
2026-08-25,805873.98,269974.0,1075847.98,NVDA:600 QQQ:200
2026-08-26,897949.35,175967.0,1073916.35,NVDA:500 QQQ:100
